Web ID,Region_of_Incident,Reported_Year,Number_Dead,Total_Dead_and_Missing
44025,US-Mexico Border,2017,10,10
44026,Mediterranean,2017,,2
44027,Mediterranean,2017,1,1
44017,US-Mexico Border,2017,1,1
44024,US-Mexico Border,2017,1,1
44023,US-Mexico Border,2017,1,1
44021,US-Mexico Border,2017,1,1
44022,US-Mexico Border,2017,1,1
44011,Mediterranean,2017,3,3
44012,Mediterranean,2017,1,1
44019,Middle East,2017,3,3
44020,Middle East,2017,97,97
44008,Middle East,2017,10,10
44009,Mediterranean,2017,,28
44014,US-Mexico Border,2017,1,1
44004,Mediterranean,2017,3,4
44005,US-Mexico Border,2017,1,1
44002,Mediterranean,2017,1,1
44003,Europe,2017,4,4
44016,Central America,2017,1,1
44018,Mediterranean,2017,1,1
43997,Mediterranean,2017,31,31
43998,Mediterranean,2017,1,1
43999,Mediterranean,2017,1,1
44000,Mediterranean,2017,6,6
44001,Mediterranean,2017,1,1
43993,Mediterranean,2017,1,21
43991,Europe,2017,1,1
43992,Mediterranean,2017,,6
43995,Caribbean,2017,3,3
43990,Europe,2017,1,1
43984,Mediterranean,2017,3,3
43985,US-Mexico Border,2017,1,5
43989,US-Mexico Border,2017,1,1
43983,South Asia,2017,5,5
43988,Middle East,2017,1,1
44015,Mediterranean,2017,1,1
43981,South Asia,2017,15,15
43979,Central America,2017,2,2
43980,Central America,2017,1,1
43977,Central America,2017,2,2
43978,Central America,2017,1,1
43973,Central America,2017,2,2
43976,Mediterranean,2017,2,2
43972,Mediterranean,2017,1,1
43975,US-Mexico Border,2017,1,1
43986,Mediterranean,2017,1,1
43987,Middle East,2017,2,2
43968,US-Mexico Border,2017,1,1
43969,Mediterranean,2017,2,2
43971,Mediterranean,2017,1,1
43962,Mediterranean,2017,1,1
43964,Mediterranean,2017,5,34
43970,Mediterranean,2017,1,1
43967,US-Mexico Border,2017,1,1
43924,Mediterranean,2017,1,1
43921,Mediterranean,2017,3,10
43922,Mediterranean,2017,23,76
43923,Mediterranean,2017,3,14
43963,Sub-Saharan Africa,2017,3,6
43912,Mediterranean,2017,8,8
43916,Europe,2017,1,1
43920,US-Mexico Border,2017,1,1
43914,Southeast Asia,2017,4,4
43917,North Africa,2017,1,1
43911,Mediterranean,2017,2,2
43913,Southeast Asia,2017,2,3
43915,Europe,2017,1,1
43954,US-Mexico Border,2017,1,1
43910,Mediterranean,2017,2,5
43899,Mediterranean,2017,1,1
43903,Middle East,2017,1,1
43919,US-Mexico Border,2017,1,1
43904,US-Mexico Border,2017,5,5
43905,US-Mexico Border,2017,14,14
43906,US-Mexico Border,2017,3,3
43907,US-Mexico Border,2017,8,8
43908,US-Mexico Border,2017,1,1
43893,Mediterranean,2017,8,8
43894,Mediterranean,2017,1,1
43901,Caribbean,2017,1,1
43902,Central America,2017,1,1
43909,North Africa,2017,6,6
43896,US-Mexico Border,2017,1,1
43955,US-Mexico Border,2017,1,1
43957,US-Mexico Border,2017,1,1
43891,Mediterranean,2017,1,1
43959,US-Mexico Border,2017,1,1
43871,Central America,2017,1,1
43866,Southeast Asia,2017,11,41
43870,Mediterranean,2017,1,1
43982,Europe,2017,1,1
43864,Mediterranean,2017,1,1
43865,Caribbean,2017,,37
43869,Middle East,2017,2,2
43898,Mediterranean,2017,28,28
43862,US-Mexico Border,2017,1,1
43863,Sub-Saharan Africa,2017,1,1
43895,Sub-Saharan Africa,2017,11,11
43855,Southeast Asia,2017,15,31
43856,Central America,2017,1,1
43857,Mediterranean,2017,46,49
43859,Europe,2017,1,1
43860,US-Mexico Border,2017,1,1
43861,US-Mexico Border,2017,1,1
43961,US-Mexico Border,2017,1,1
43849,Central America,2017,1,1
43854,US-Mexico Border,2017,1,1
43848,Mediterranean,2017,,68
43960,US-Mexico Border,2017,1,1
43835,Mediterranean,2017,1,1
43836,Mediterranean,2017,2,2
43847,Sub-Saharan Africa,2017,3,3
43853,US-Mexico Border,2017,1,1
43868,Mediterranean,2017,1,1
43832,Central America,2017,1,1
43830,Mediterranean,2017,1,1
43831,Southeast Asia,2017,23,63
43858,Europe,2017,1,1
43828,Middle East,2017,3,3
43829,Middle East,2017,1,1
43958,US-Mexico Border,2017,1,1
43770,Mediterranean,2017,2,2
43827,US-Mexico Border,2017,1,1
43826,Southeast Asia,2017,1,1
43767,Europe,2017,24,38
43768,US-Mexico Border,2017,1,1
43769,US-Mexico Border,2017,1,1
43765,Central America,2017,2,2
43766,US-Mexico Border,2017,1,1
43996,US-Mexico Border,2017,1,1
43764,Mediterranean,2017,7,97
43825,Middle East,2017,1,1
43890,Southeast Asia,2017,1,1
43846,Middle East,2017,23,23
43889,Southeast Asia,2017,1,1
43760,Caribbean,2017,9,16
43692,US-Mexico Border,2017,2,2
43845,US-Mexico Border,2017,1,1
43691,Mediterranean,2017,3,3
43824,Middle East,2017,1,1
43887,Southeast Asia,2017,3,3
43888,Southeast Asia,2017,1,1
43690,Southeast Asia,2017,1,1
43763,Southeast Asia,2017,1,1
43886,Southeast Asia,2017,4,4
43956,US-Mexico Border,2017,1,1
43685,Mediterranean,2017,1,7
43689,US-Mexico Border,2017,1,1
43885,Southeast Asia,2017,9,9
43684,Middle East,2017,2,2
43688,Southeast Asia,2017,2,2
43823,Middle East,2017,1,1
43843,US-Mexico Border,2017,1,1
43844,US-Mexico Border,2017,1,1
43680,Mediterranean,2017,1,1
43681,Mediterranean,2017,,3
43682,Central America,2017,1,1
43842,US-Mexico Border,2017,1,1
43884,Southeast Asia,2017,1,1
43668,US-Mexico Border,2017,1,1
43675,Southeast Asia,2017,3,3
43883,Southeast Asia,2017,2,2
43882,Southeast Asia,2017,13,13
43674,Southeast Asia,2017,10,10
43679,US-Mexico Border,2017,1,1
43762,Southeast Asia,2017,1,1
43840,US-Mexico Border,2017,1,1
43841,US-Mexico Border,2017,1,1
43852,US-Mexico Border,2017,1,1
43948,US-Mexico Border,2017,1,1
43673,North Africa,2017,16,16
43839,US-Mexico Border,2017,1,1
43881,Southeast Asia,2017,2,2
43657,Central America,2017,2,2
43802,North Africa,2017,7,7
43803,North Africa,2017,2,2
43838,US-Mexico Border,2017,1,1
43880,Southeast Asia,2017,1,1
43678,Middle East,2017,1,1
43656,US-Mexico Border,2017,1,1
43672,Southeast Asia,2017,4,6
43677,Middle East,2017,1,1
43837,US-Mexico Border,2017,1,1
42399,Central America,2017,1,1
42400,Central America,2017,2,2
43833,Central America,2017,1,1
43879,Southeast Asia,2017,26,26
42398,Mediterranean,2017,7,7
43676,Middle East,2017,1,1
43878,Southeast Asia,2017,19,19
43950,US-Mexico Border,2017,1,1
42397,Mediterranean,2017,,120
43755,Horn of Africa,2017,1,1
43756,North Africa,2017,6,6
43757,North Africa,2017,2,2
43758,North Africa,2017,2,2
43759,North Africa,2017,1,1
42395,US-Mexico Border,2017,1,1
43801,North Africa,2017,3,3
43667,US-Mexico Border,2017,1,1
43666,US-Mexico Border,2017,1,1
43669,Europe,2017,2,2
43670,Mediterranean,2017,5,5
42388,Central America,2017,1,1
42389,Europe,2017,1,1
43800,North Africa,2017,7,7
43751,Sub-Saharan Africa,2017,1,1
43752,Sub-Saharan Africa,2017,12,12
43753,Sub-Saharan Africa,2017,1,1
43754,North Africa,2017,3,3
43851,US-Mexico Border,2017,1,1
43966,US-Mexico Border,2017,1,1
42387,US-Mexico Border,2017,,2
43750,Sub-Saharan Africa,2017,7,7
43798,North Africa,2017,1,1
43799,North Africa,2017,1,1
42396,Middle East,2017,1,1
43748,Sub-Saharan Africa,2017,1,1
43749,Sub-Saharan Africa,2017,1,1
42394,Middle East,2017,1,1
43745,Sub-Saharan Africa,2017,1,1
43746,Sub-Saharan Africa,2017,1,1
43747,Sub-Saharan Africa,2017,1,1
43797,North Africa,2017,3,3
43952,US-Mexico Border,2017,1,1
43953,US-Mexico Border,2017,1,1
43796,North Africa,2017,2,2
42383,Sub-Saharan Africa,2017,1,11
43665,US-Mexico Border,2017,1,1
43743,Sub-Saharan Africa,2017,1,1
43744,Sub-Saharan Africa,2017,1,1
43794,North Africa,2017,7,7
43795,North Africa,2017,9,9
43741,Sub-Saharan Africa,2017,1,1
43742,Sub-Saharan Africa,2017,2,2
43793,North Africa,2017,3,3
42382,Central America,2017,1,1
43664,US-Mexico Border,2017,1,1
43739,North Africa,2017,1,1
43740,Sub-Saharan Africa,2017,1,1
43792,North Africa,2017,2,2
35493,Middle East,2017,1,1
38437,Central America,2017,1,1
43791,North Africa,2017,3,3
38436,Europe,2017,1,1
43663,US-Mexico Border,2017,1,1
43735,Sub-Saharan Africa,2017,1,1
43736,Sub-Saharan Africa,2017,5,5
43737,Sub-Saharan Africa,2017,1,1
43738,North Africa,2017,3,3
43790,North Africa,2017,2,2
43662,US-Mexico Border,2017,1,1
35492,US-Mexico Border,2017,1,1
43788,North Africa,2017,2,2
43789,North Africa,2017,2,2
35486,US-Mexico Border,2017,1,1
43661,US-Mexico Border,2017,1,1
35491,Middle East,2017,1,1
43660,US-Mexico Border,2017,1,1
43787,North Africa,2017,4,4
35483,Horn of Africa,2017,12,18
42381,US-Mexico Border,2017,1,1
42393,US-Mexico Border,2017,2,2
43951,US-Mexico Border,2017,1,1
35481,Horn of Africa,2017,29,35
35482,Mediterranean,2017,1,1
35489,Middle East,2017,1,1
43786,North Africa,2017,2,2
35480,Middle East,2017,1,1
43785,North Africa,2017,4,4
35479,Middle East,2017,2,2
35488,Mediterranean,2017,2,2
42380,US-Mexico Border,2017,1,1
43659,US-Mexico Border,2017,1,1
35473,Mediterranean,2017,8,8
43949,US-Mexico Border,2017,1,1
43784,North Africa,2017,3,3
35474,Central America,2017,1,1
35471,Europe,2017,1,1
35472,US-Mexico Border,2017,1,1
35469,US-Mexico Border,2017,1,3
35478,Middle East,2017,1,1
43658,US-Mexico Border,2017,1,1
35467,Mediterranean,2017,8,8
35468,Central America,2017,1,4
35470,US-Mexico Border,2017,1,1
35466,Mediterranean,2017,1,1
35463,US-Mexico Border,2017,1,1
43783,North Africa,2017,4,4
35461,US-Mexico Border,2017,1,1
35477,Middle East,2017,4,4
43782,North Africa,2017,3,3
35442,US-Mexico Border,2017,1,1
35443,Mediterranean,2017,8,8
35444,Middle East,2017,2,2
35465,Central America,2017,1,1
42379,Central America,2017,1,1
43818,Sub-Saharan Africa,2017,1,1
35459,US-Mexico Border,2017,1,1
35460,US-Mexico Border,2017,1,1
43781,North Africa,2017,4,4
35437,US-Mexico Border,2017,27,27
35438,Central America,2017,1,1
35439,Mediterranean,2017,13,16
35440,US-Mexico Border,2017,1,1
35476,Mediterranean,2017,2,2
43733,North Africa,2017,1,1
43734,Sub-Saharan Africa,2017,1,1
35433,US-Mexico Border,2017,4,4
35434,US-Mexico Border,2017,1,1
35464,Central America,2017,1,1
43732,Sub-Saharan Africa,2017,4,4
35429,US-Mexico Border,2017,10,10
35458,US-Mexico Border,2017,1,1
43731,North Africa,2017,3,3
35485,Europe,2017,1,1
43730,North Africa,2017,5,5
35428,US-Mexico Border,2017,1,1
35457,US-Mexico Border,2017,1,1
43729,Sub-Saharan Africa,2017,1,1
35426,Mediterranean,2017,1,1
35427,US-Mexico Border,2017,1,1
43728,Sub-Saharan Africa,2017,9,9
30170,US-Mexico Border,2017,1,1
30171,Central America,2017,1,1
30172,US-Mexico Border,2017,1,1
43725,Sub-Saharan Africa,2017,24,24
43726,Sub-Saharan Africa,2017,1,1
43727,Sub-Saharan Africa,2017,4,4
30168,US-Mexico Border,2017,1,1
30169,Central America,2017,1,1
35456,US-Mexico Border,2017,1,1
43723,Sub-Saharan Africa,2017,1,1
43724,Sub-Saharan Africa,2017,2,2
30167,Mediterranean,2017,1,1
30160,Mediterranean,2017,1,1
30166,Caribbean,2017,5,6
35441,Middle East,2017,6,6
43722,Sub-Saharan Africa,2017,15,15
43947,US-Mexico Border,2017,1,1
43721,Sub-Saharan Africa,2017,1,1
30158,Middle East,2017,3,3
30654,Mediterranean,2017,1,1
31134,Europe,2017,1,1
43720,Sub-Saharan Africa,2017,1,1
31132,Mediterranean,2017,3,3
35455,US-Mexico Border,2017,1,1
43716,Sub-Saharan Africa,2017,1,1
43717,Sub-Saharan Africa,2017,5,5
43718,Sub-Saharan Africa,2017,1,1
43719,Sub-Saharan Africa,2017,1,1
31130,Mediterranean,2017,1,1
31131,US-Mexico Border,2017,1,1
43714,Sub-Saharan Africa,2017,2,2
43715,Sub-Saharan Africa,2017,1,1
43822,Sub-Saharan Africa,2017,7,7
35453,US-Mexico Border,2017,1,1
35454,US-Mexico Border,2017,1,1
31126,North Africa,2017,20,20
31128,Mediterranean,2017,,35
31129,Middle East,2017,2,2
42384,North Africa,2017,20,20
43713,Sub-Saharan Africa,2017,1,1
31125,US-Mexico Border,2017,1,1
43821,Sub-Saharan Africa,2017,3,3
43943,US-Mexico Border,2017,1,1
31124,Central America,2017,1,1
35450,US-Mexico Border,2017,1,1
35451,US-Mexico Border,2017,1,1
35452,US-Mexico Border,2017,1,1
43820,Sub-Saharan Africa,2017,6,6
31121,Mediterranean,2017,,49
31122,Central America,2017,1,1
31120,Mediterranean,2017,4,4
43712,North Africa,2017,10,10
31119,US-Mexico Border,2017,1,1
35449,US-Mexico Border,2017,1,1
31118,Mediterranean,2017,9,9
43710,North Africa,2017,3,3
43711,North Africa,2017,3,3
43780,North Africa,2017,2,2
31114,Mediterranean,2017,,60
31115,Mediterranean,2017,1,1
31116,US-Mexico Border,2017,1,1
31117,Mediterranean,2017,10,10
35447,US-Mexico Border,2017,1,1
43707,Horn of Africa,2017,3,3
43708,North Africa,2017,4,4
43709,North Africa,2017,4,4
43819,Sub-Saharan Africa,2017,1,1
31110,Mediterranean,2017,1,1
31111,Caribbean,2017,1,1
31112,Central America,2017,1,1
31113,US-Mexico Border,2017,1,1
43940,US-Mexico Border,2017,1,1
30624,US-Mexico Border,2017,1,1
31102,US-Mexico Border,2017,1,1
31104,Mediterranean,2017,29,29
31105,Mediterranean,2017,1,1
31106,Mediterranean,2017,2,2
31107,US-Mexico Border,2017,1,1
31108,US-Mexico Border,2017,1,1
31109,Mediterranean,2017,2,2
43705,Horn of Africa,2017,10,10
43706,North Africa,2017,10,10
31099,US-Mexico Border,2017,1,1
31100,US-Mexico Border,2017,1,1
31101,Mediterranean,2017,7,7
43779,North Africa,2017,2,2
31092,Mediterranean,2017,3,3
31093,Mediterranean,2017,1,1
31094,US-Mexico Border,2017,2,2
31095,US-Mexico Border,2017,1,1
31096,US-Mexico Border,2017,1,1
31097,Middle East,2017,10,10
31098,Middle East,2017,2,2
43704,North Africa,2017,1,1
43817,Sub-Saharan Africa,2017,2,2
31088,Sub-Saharan Africa,2017,1,52
31089,Mediterranean,2017,2,2
31090,US-Mexico Border,2017,1,1
43702,Sub-Saharan Africa,2017,2,2
43703,Sub-Saharan Africa,2017,1,1
31087,Mediterranean,2017,1,1
43701,Sub-Saharan Africa,2017,1,1
31091,US-Mexico Border,2017,1,1
31086,Mediterranean,2017,1,1
43816,Sub-Saharan Africa,2017,6,6
31082,Central America,2017,1,1
31083,Mediterranean,2017,18,18
31084,Mediterranean,2017,5,5
31085,North Africa,2017,1,1
31076,Mediterranean,2017,3,3
31077,Mediterranean,2017,1,1
31078,US-Mexico Border,2017,1,1
31079,US-Mexico Border,2017,1,1
31080,US-Mexico Border,2017,1,1
31081,US-Mexico Border,2017,1,1
43700,North Africa,2017,2,2
31075,Mediterranean,2017,,7
31071,Mediterranean,2017,7,7
31072,Mediterranean,2017,9,9
31073,US-Mexico Border,2017,1,1
43815,Sub-Saharan Africa,2017,3,3
31058,Mediterranean,2017,,110
31059,Mediterranean,2017,5,5
31060,Mediterranean,2017,,0
31061,Mediterranean,2017,,0
31062,Mediterranean,2017,2,2
31063,US-Mexico Border,2017,1,1
31064,US-Mexico Border,2017,1,1
31065,US-Mexico Border,2017,1,1
31066,US-Mexico Border,2017,1,1
31067,US-Mexico Border,2017,1,1
31068,US-Mexico Border,2017,1,1
31069,US-Mexico Border,2017,1,1
43697,North Africa,2017,11,11
43698,North Africa,2017,2,2
43699,Sub-Saharan Africa,2017,1,1
31054,US-Mexico Border,2017,1,1
31055,US-Mexico Border,2017,1,1
31056,Mediterranean,2017,5,5
31057,Mediterranean,2017,8,8
43813,Sub-Saharan Africa,2017,12,12
43814,Sub-Saharan Africa,2017,8,8
31048,Mediterranean,2017,3,3
31049,Mediterranean,2017,4,4
31050,Mediterranean,2017,,126
31053,US-Mexico Border,2017,1,1
31046,US-Mexico Border,2017,1,1
31047,Middle East,2017,5,5
31043,Mediterranean,2017,1,1
31044,Mediterranean,2017,1,1
31045,US-Mexico Border,2017,1,1
31040,US-Mexico Border,2017,1,1
31041,US-Mexico Border,2017,1,1
31042,Mediterranean,2017,2,2
35432,Mediterranean,2017,2,2
43696,Sub-Saharan Africa,2017,1,1
43695,Sub-Saharan Africa,2017,1,1
31034,Mediterranean,2017,8,8
31035,Mediterranean,2017,,61
31036,Mediterranean,2017,8,8
31037,Mediterranean,2017,1,1
31038,Mediterranean,2017,1,1
31039,US-Mexico Border,2017,1,1
31030,Mediterranean,2017,1,1
31031,Mediterranean,2017,1,1
31032,Sub-Saharan Africa,2017,1,1
31033,Mediterranean,2017,1,1
31028,US-Mexico Border,2017,1,1
31029,Europe,2017,1,1
31027,US-Mexico Border,2017,1,1
43812,Sub-Saharan Africa,2017,9,9
31026,US-Mexico Border,2017,1,1
31025,North Africa,2017,7,7
43778,North Africa,2017,5,5
43810,Sub-Saharan Africa,2017,15,15
43811,Sub-Saharan Africa,2017,4,4
31022,Mediterranean,2017,19,19
31023,Mediterranean,2017,2,2
31024,Europe,2017,9,9
43777,North Africa,2017,2,2
31020,Mediterranean,2017,4,4
31021,North Africa,2017,1,1
43776,North Africa,2017,4,4
31018,Europe,2017,1,1
31019,Central America,2017,1,1
31052,North Africa,2017,3,3
31012,Sub-Saharan Africa,2017,44,44
31013,US-Mexico Border,2017,1,1
31014,US-Mexico Border,2017,1,1
31016,US-Mexico Border,2017,1,1
31017,Mediterranean,2017,13,13
31010,US-Mexico Border,2017,1,1
31011,US-Mexico Border,2017,1,1
43775,North Africa,2017,2,2
43809,Sub-Saharan Africa,2017,4,4
31006,Central America,2017,1,1
31007,Mediterranean,2017,10,20
31008,US-Mexico Border,2017,1,1
31009,US-Mexico Border,2017,1,1
43808,Sub-Saharan Africa,2017,1,1
43773,North Africa,2017,1,1
43774,North Africa,2017,1,1
43807,Sub-Saharan Africa,2017,2,2
30998,Mediterranean,2017,2,20
30999,Mediterranean,2017,33,57
31000,Mediterranean,2017,1,1
31001,US-Mexico Border,2017,1,1
31002,US-Mexico Border,2017,1,1
31004,Central America,2017,1,1
31005,Mediterranean,2017,7,7
30993,Mediterranean,2017,1,1
30994,Mediterranean,2017,,82
30995,US-Mexico Border,2017,1,1
30996,North America,2017,1,1
30997,Mediterranean,2017,1,1
43772,North Africa,2017,2,2
43805,Sub-Saharan Africa,2017,2,2
43806,Sub-Saharan Africa,2017,10,10
30989,US-Mexico Border,2017,1,1
30990,US-Mexico Border,2017,1,1
30992,Mediterranean,2017,2,2
43938,US-Mexico Border,2017,1,1
30987,East Asia,2017,1,1
30988,Europe,2017,1,1
43761,Mediterranean,2017,1,1
30986,Middle East,2017,1,1
30984,US-Mexico Border,2017,1,1
30977,US-Mexico Border,2017,1,1
30978,Mediterranean,2017,1,2
30979,Mediterranean,2017,,1
30980,Europe,2017,1,1
30981,Mediterranean,2017,,156
43771,North Africa,2017,1,1
30976,Middle East,2017,1,1
30975,Mediterranean,2017,2,2
30972,Mediterranean,2017,1,1
30973,Mediterranean,2017,1,1
30974,Mediterranean,2017,2,2
43804,Sub-Saharan Africa,2017,1,1
30968,US-Mexico Border,2017,1,1
30969,Mediterranean,2017,7,20
30970,Mediterranean,2017,,1
30971,South Asia,2017,1,1
30966,Sub-Saharan Africa,2017,8,8
30967,US-Mexico Border,2017,1,1
30962,Central America,2017,1,1
30963,US-Mexico Border,2017,1,1
30964,US-Mexico Border,2017,1,1
30965,Caribbean,2017,1,1
30958,Mediterranean,2017,11,11
30956,Mediterranean,2017,,82
30957,Mediterranean,2017,,102
30959,US-Mexico Border,2017,1,1
30960,Sub-Saharan Africa,2017,1,11
30952,US-Mexico Border,2017,1,1
30953,US-Mexico Border,2017,1,1
30955,Central America,2017,1,1
35484,Central America,2017,1,1
30951,US-Mexico Border,2017,1,1
30949,Mediterranean,2017,1,1
30950,Central America,2017,2,2
30947,US-Mexico Border,2017,1,1
30948,Mediterranean,2017,19,19
44006,Central America,2017,1,1
30942,Mediterranean,2017,1,1
30943,Europe,2017,1,1
30944,US-Mexico Border,2017,1,1
30945,US-Mexico Border,2017,1,1
30946,Sub-Saharan Africa,2017,8,8
30941,Mediterranean,2017,6,6
30940,Central America,2017,1,1
30939,Caribbean,2017,,8
30934,North Africa,2017,15,15
30935,US-Mexico Border,2017,1,1
30938,Mediterranean,2017,1,1
30931,Mediterranean,2017,16,23
30932,Europe,2017,1,1
30933,US-Mexico Border,2017,1,1
30930,Mediterranean,2017,1,1
30928,Europe,2017,1,1
30929,US-Mexico Border,2017,1,1
30925,US-Mexico Border,2017,1,1
30926,US-Mexico Border,2017,1,1
30927,Middle East,2017,3,3
30924,US-Mexico Border,2017,1,1
30917,Mediterranean,2017,,30
30918,Mediterranean,2017,4,4
30919,Mediterranean,2017,,10
30920,Mediterranean,2017,,7
30921,Mediterranean,2017,,17
30922,Mediterranean,2017,28,28
30923,Mediterranean,2017,,35
30916,US-Mexico Border,2017,1,1
43936,US-Mexico Border,2017,1,1
30913,Mediterranean,2017,13,33
30914,Mediterranean,2017,2,2
30915,Mediterranean,2017,7,7
30912,Mediterranean,2017,5,5
35431,Mediterranean,2017,1,1
30910,Southeast Asia,2017,1,1
30911,Mediterranean,2017,,97
30909,Horn of Africa,2017,1,1
43867,Mediterranean,2017,,5
30907,Mediterranean,2017,3,3
30908,US-Mexico Border,2017,1,1
30906,Central America,2017,1,1
30905,Mediterranean,2017,1,1
43934,US-Mexico Border,2017,1,1
30904,Mediterranean,2017,1,1
30902,Europe,2017,1,1
30903,Central America,2017,1,1
43918,Central America,2017,1,1
35425,Central America,2017,1,1
30900,US-Mexico Border,2017,1,1
30901,Mediterranean,2017,1,1
30899,Europe,2017,1,1
30897,Mediterranean,2017,3,3
30895,Mediterranean,2017,1,6
30896,Mediterranean,2017,4,4
30894,Middle East,2017,1,1
30891,Mediterranean,2017,1,1
30892,Mediterranean,2017,1,1
30893,Middle East,2017,3,3
30888,Mediterranean,2017,1,1
30889,US-Mexico Border,2017,1,1
30890,Middle East,2017,1,1
30883,Mediterranean,2017,11,11
30884,Mediterranean,2017,3,4
30885,Mediterranean,2017,1,1
30886,Central America,2017,1,1
30887,US-Mexico Border,2017,1,1
30880,Mediterranean,2017,5,5
30881,Mediterranean,2017,,130
30882,Central America,2017,1,1
30879,Mediterranean,2017,1,1
30875,Europe,2017,1,1
30876,US-Mexico Border,2017,1,1
30878,Mediterranean,2017,2,68
30872,Mediterranean,2017,10,10
30873,Central America,2017,1,1
30874,Central America,2017,2,2
30869,Central America,2017,1,1
30870,Horn of Africa,2017,2,2
30871,Mediterranean,2017,3,3
30868,Mediterranean,2017,,8
30866,Horn of Africa,2017,42,42
30867,Central America,2017,1,1
43931,US-Mexico Border,2017,1,1
30864,Central America,2017,1,1
30865,US-Mexico Border,2017,1,1
30863,US-Mexico Border,2017,2,2
30862,Mediterranean,2017,1,1
43897,Europe,2017,1,1
30860,US-Mexico Border,2017,1,1
30861,US-Mexico Border,2017,1,1
30859,Mediterranean,2017,11,11
30858,Mediterranean,2017,3,3
30856,Central America,2017,1,1
30857,US-Mexico Border,2017,1,1
30855,US-Mexico Border,2017,1,1
30854,North Africa,2017,22,22
30853,Mediterranean,2017,,6
30849,Mediterranean,2017,1,1
30850,Mediterranean,2017,1,1
30851,Mediterranean,2017,1,1
30852,Mediterranean,2017,,25
30848,Mediterranean,2017,1,1
30847,Mediterranean,2017,1,1
30898,Horn of Africa,2017,30,30
43929,US-Mexico Border,2017,1,1
30845,US-Mexico Border,2017,1,1
30846,US-Mexico Border,2017,1,1
30843,Europe,2017,1,1
30844,Middle East,2017,1,1
43946,US-Mexico Border,2017,1,1
30840,Mediterranean,2017,1,1
30841,Mediterranean,2017,1,1
30842,North Africa,2017,12,12
30839,US-Mexico Border,2017,1,1
30837,Central America,2017,1,1
30838,US-Mexico Border,2017,1,1
30832,North Africa,2017,7,7
30833,Mediterranean,2017,14,14
30834,US-Mexico Border,2017,1,1
30835,US-Mexico Border,2017,2,2
30836,Mediterranean,2017,1,1
30827,US-Mexico Border,2017,1,1
30828,Central America,2017,1,1
30830,Europe,2017,3,3
30831,North Africa,2017,13,13
30826,Caribbean,2017,4,12
30822,Horn of Africa,2017,1,1
30823,Mediterranean,2017,74,74
30824,US-Mexico Border,2017,1,1
30825,US-Mexico Border,2017,1,1
30819,Mediterranean,2017,6,6
30820,Mediterranean,2017,,118
30821,North Africa,2017,2,2
43945,US-Mexico Border,2017,1,1
30815,North Africa,2017,3,3
30816,Central America,2017,2,2
30817,North Africa,2017,3,3
30818,US-Mexico Border,2017,1,1
30810,US-Mexico Border,2017,1,1
30811,US-Mexico Border,2017,1,1
30812,Middle East,2017,1,1
30813,Horn of Africa,2017,1,1
30814,Europe,2017,1,1
30806,US-Mexico Border,2017,1,1
30807,Central America,2017,1,1
30808,Mediterranean,2017,,9
30801,North Africa,2017,7,7
30802,North Africa,2017,1,1
30803,North Africa,2017,1,1
30804,North Africa,2017,1,1
30805,US-Mexico Border,2017,1,1
30798,Horn of Africa,2017,6,6
30799,US-Mexico Border,2017,1,1
30800,Central America,2017,1,1
30796,Mediterranean,2017,,2
30797,Europe,2017,1,1
43944,US-Mexico Border,2017,1,1
30794,Horn of Africa,2017,1,1
30795,US-Mexico Border,2017,1,1
30790,US-Mexico Border,2017,1,1
30791,US-Mexico Border,2017,1,1
30792,US-Mexico Border,2017,1,1
30793,North Africa,2017,3,3
43942,US-Mexico Border,2017,1,1
30786,North Africa,2017,5,5
30787,US-Mexico Border,2017,1,1
30788,US-Mexico Border,2017,1,1
30784,US-Mexico Border,2017,1,1
30785,North Africa,2017,1,1
30783,Southeast Asia,2017,7,13
30781,Central America,2017,1,1
30782,Mediterranean,2017,1,1
43939,US-Mexico Border,2017,1,1
43941,US-Mexico Border,2017,1,1
30777,US-Mexico Border,2017,1,1
30778,US-Mexico Border,2017,1,1
30779,Mediterranean,2017,1,1
30780,Europe,2017,1,1
44007,Central America,2017,1,1
30775,Mediterranean,2017,,3
30776,Central America,2017,1,1
30772,Horn of Africa,2017,7,7
30773,Horn of Africa,2017,1,1
30774,Europe,2017,1,1
30770,North Africa,2017,3,3
30768,US-Mexico Border,2017,1,1
30769,US-Mexico Border,2017,1,1
30771,Central America,2017,1,1
43937,US-Mexico Border,2017,1,1
30762,North Africa,2017,5,5
30767,US-Mexico Border,2017,1,1
38438,US-Mexico Border,2017,1,1
30763,Mediterranean,2017,,3
30764,US-Mexico Border,2017,1,1
30765,US-Mexico Border,2017,1,1
30766,US-Mexico Border,2017,1,1
30759,Mediterranean,2017,1,2
30760,US-Mexico Border,2017,1,1
30758,Mediterranean,2017,2,2
30761,Horn of Africa,2017,1,1
30755,US-Mexico Border,2017,1,1
30756,Mediterranean,2017,1,3
43935,US-Mexico Border,2017,1,1
30749,Southeast Asia,2017,8,8
30754,US-Mexico Border,2017,2,2
43900,Caribbean,2017,2,2
30748,Southeast Asia,2017,2,2
30747,Southeast Asia,2017,4,4
30750,Mediterranean,2017,10,10
30751,Caribbean,2017,17,68
30753,US-Mexico Border,2017,1,1
30743,North Africa,2017,1,1
30744,US-Mexico Border,2017,1,1
30745,US-Mexico Border,2017,1,1
30746,Southeast Asia,2017,10,17
30741,North Africa,2017,2,2
30742,North Africa,2017,1,1
30738,Europe,2017,1,1
30739,Mediterranean,2017,5,5
30740,Mediterranean,2017,1,1
44013,US-Mexico Border,2017,,1
30730,Horn of Africa,2017,1,1
30731,North Africa,2017,7,7
30732,Sub-Saharan Africa,2017,9,9
30733,Sub-Saharan Africa,2017,3,3
30734,North Africa,2017,1,1
30735,North Africa,2017,1,1
30736,North Africa,2017,1,1
30737,North Africa,2017,2,2
30722,Horn of Africa,2017,1,1
30723,North Africa,2017,5,5
30724,North Africa,2017,2,2
30725,North Africa,2017,3,3
30726,Horn of Africa,2017,2,2
30727,North Africa,2017,10,10
30728,North Africa,2017,1,1
30729,North Africa,2017,32,32
43933,US-Mexico Border,2017,1,1
30717,Horn of Africa,2017,3,3
30718,US-Mexico Border,2017,1,1
30719,Horn of Africa,2017,1,1
30720,US-Mexico Border,2017,1,1
30721,US-Mexico Border,2017,1,1
43932,US-Mexico Border,2017,1,1
30712,North Africa,2017,4,4
30713,North Africa,2017,6,6
30714,North Africa,2017,1,1
30715,Central America,2017,1,1
30716,US-Mexico Border,2017,1,1
43930,US-Mexico Border,2017,1,1
30709,US-Mexico Border,2017,1,1
30710,North Africa,2017,3,3
30711,North Africa,2017,3,3
30706,Mediterranean,2017,1,1
30708,US-Mexico Border,2017,1,1
30694,Mediterranean,2017,4,176
30695,Mediterranean,2017,1,1
30696,Mediterranean,2017,,3
30697,Mediterranean,2017,8,15
30698,Mediterranean,2017,1,1
30700,North Africa,2017,1,1
30701,Horn of Africa,2017,2,2
30702,North Africa,2017,1,1
30703,North Africa,2017,1,1
30704,Europe,2017,1,1
30686,Mediterranean,2017,3,3
30687,US-Mexico Border,2017,1,1
30688,US-Mexico Border,2017,1,1
30689,US-Mexico Border,2017,1,1
30690,North Africa,2017,1,1
30691,North Africa,2017,3,3
30692,North Africa,2017,4,4
30693,North Africa,2017,2,2
30707,Mediterranean,2017,2,2
30684,Mediterranean,2017,14,14
30685,Central America,2017,1,1
30682,US-Mexico Border,2017,1,1
30683,US-Mexico Border,2017,1,1
30678,US-Mexico Border,2017,1,1
30679,Mediterranean,2017,1,1
30680,North Africa,2017,1,1
30681,North Africa,2017,1,1
30676,US-Mexico Border,2017,1,1
30677,US-Mexico Border,2017,1,1
30675,US-Mexico Border,2017,1,1
30670,US-Mexico Border,2017,1,1
30671,US-Mexico Border,2017,1,1
30672,US-Mexico Border,2017,1,1
30673,North Africa,2017,3,3
30674,North Africa,2017,2,2
30669,Europe,2017,2,2
30668,US-Mexico Border,2017,1,1
30663,North Africa,2017,3,3
30664,Mediterranean,2017,5,5
30665,Mediterranean,2017,3,3
30666,US-Mexico Border,2017,1,1
30667,Middle East,2017,2,2
30660,US-Mexico Border,2017,1,1
30661,Europe,2017,1,1
30662,US-Mexico Border,2017,1,1
30657,US-Mexico Border,2017,1,1
30658,Europe,2017,1,1
30659,Mediterranean,2017,1,1
30656,Mediterranean,2017,2,2
30705,Caribbean,2017,1,1
42442,US-Mexico Border,2016,18,18
42794,Central America,2016,12,12
43026,Mediterranean,2016,2,2
43654,US-Mexico Border,2016,18,18
43655,North Africa,2016,2,2
42819,Southeast Asia,2016,1,1
43653,US-Mexico Border,2016,1,1
42803,Europe,2016,3,3
42797,US-Mexico Border,2016,1,1
42815,Europe,2016,1,1
43652,Horn of Africa,2016,1,1
42795,Central America,2016,1,1
42823,Middle East,2016,3,3
43650,US-Mexico Border,2016,1,1
43651,Horn of Africa,2016,6,6
42788,Europe,2016,1,1
43025,Mediterranean,2016,1,1
42821,Europe,2016,1,1
43024,Mediterranean,2016,5,61
42798,Mediterranean,2016,1,58
42799,Mediterranean,2016,7,47
43649,US-Mexico Border,2016,1,1
42778,US-Mexico Border,2016,1,1
42801,Mediterranean,2016,7,7
43646,US-Mexico Border,2016,1,1
43647,North Africa,2016,3,3
43648,Horn of Africa,2016,1,1
43635,North Africa,2016,1,1
43636,North Africa,2016,2,2
43637,North Africa,2016,2,2
43638,North Africa,2016,2,2
43639,Sub-Saharan Africa,2016,12,12
43640,North Africa,2016,6,6
43641,North Africa,2016,3,3
43642,North Africa,2016,2,2
43643,US-Mexico Border,2016,1,1
43644,US-Mexico Border,2016,1,1
43645,US-Mexico Border,2016,1,1
42782,Mediterranean,2016,5,5
42791,Southeast Asia,2016,1,1
43618,North Africa,2016,2,2
43619,North Africa,2016,5,5
43620,North Africa,2016,1,1
43621,North Africa,2016,4,4
43622,North Africa,2016,3,3
43623,North Africa,2016,1,1
43624,Sub-Saharan Africa,2016,4,4
43625,North Africa,2016,5,5
43626,North Africa,2016,1,1
43627,North Africa,2016,1,1
43628,North Africa,2016,2,2
43629,Horn of Africa,2016,2,2
43630,US-Mexico Border,2016,1,1
43631,US-Mexico Border,2016,1,1
43632,North Africa,2016,2,2
43633,North Africa,2016,3,3
43634,North Africa,2016,1,1
43616,North Africa,2016,20,20
43617,Horn of Africa,2016,1,1
42809,Caribbean,2016,1,1
43613,North Africa,2016,1,1
43614,Horn of Africa,2016,1,1
43615,North Africa,2016,1,1
43607,North Africa,2016,5,5
43608,North Africa,2016,1,1
43609,North Africa,2016,2,2
43610,North Africa,2016,1,1
43611,US-Mexico Border,2016,1,1
43612,US-Mexico Border,2016,1,1
42818,Southeast Asia,2016,18,18
43605,Horn of Africa,2016,1,1
43606,Horn of Africa,2016,1,1
42789,Central America,2016,2,2
43022,Mediterranean,2016,,20
43598,Horn of Africa,2016,1,1
43599,North Africa,2016,1,1
43600,North Africa,2016,1,1
43601,North Africa,2016,2,2
43602,North Africa,2016,2,2
43603,US-Mexico Border,2016,1,1
43604,US-Mexico Border,2016,1,1
43019,Mediterranean,2016,2,2
43020,Mediterranean,2016,2,3
43021,Mediterranean,2016,,87
42783,Mediterranean,2016,6,6
43018,Mediterranean,2016,15,15
43597,Horn of Africa,2016,1,1
42768,Central America,2016,1,1
43017,Mediterranean,2016,8,8
43596,North Africa,2016,1,1
43015,Mediterranean,2016,1,1
43016,Mediterranean,2016,2,2
42784,Central America,2016,1,1
43014,Mediterranean,2016,10,10
43591,US-Mexico Border,2016,1,1
43592,North Africa,2016,1,1
43593,North Africa,2016,1,1
43594,North Africa,2016,2,2
43595,North Africa,2016,6,6
42770,Mediterranean,2016,2,2
42790,Central America,2016,1,1
42800,Mediterranean,2016,7,7
42852,Horn of Africa,2016,,20
43590,US-Mexico Border,2016,1,1
43013,Mediterranean,2016,5,5
42773,Southeast Asia,2016,26,30
42787,Mediterranean,2016,11,11
42812,Middle East,2016,4,4
42824,Middle East,2016,3,3
42779,Mediterranean,2016,2,2
43011,Mediterranean,2016,14,20
43012,Mediterranean,2016,4,4
43589,Horn of Africa,2016,4,4
42446,Europe,2016,2,2
43588,North Africa,2016,5,5
42748,Southeast Asia,2016,1,1
42786,Central America,2016,1,1
42804,Sub-Saharan Africa,2016,1,1
42817,Southeast Asia,2016,1,1
42883,US-Mexico Border,2016,6,6
43530,Central America,2016,1,1
42780,Central America,2016,1,1
43587,US-Mexico Border,2016,1,1
43584,US-Mexico Border,2016,1,1
43585,Horn of Africa,2016,1,1
43586,Horn of Africa,2016,1,1
42764,Mediterranean,2016,8,8
42771,Mediterranean,2016,1,1
42820,Central America,2016,1,1
42760,Europe,2016,1,1
42769,Mediterranean,2016,2,28
43034,Europe,2016,1,1
43582,US-Mexico Border,2016,1,1
43583,US-Mexico Border,2016,1,1
42755,Mediterranean,2016,7,7
43581,North Africa,2016,1,1
42750,Europe,2016,1,1
42759,US-Mexico Border,2016,1,1
42775,Europe,2016,1,1
43579,North Africa,2016,1,1
43580,North Africa,2016,1,1
43572,North Africa,2016,1,1
43573,North Africa,2016,2,2
43574,Horn of Africa,2016,1,1
43575,Horn of Africa,2016,2,2
43576,North Africa,2016,5,5
43577,North Africa,2016,2,2
43578,North Africa,2016,1,1
42854,South America,2016,1,1
43567,Horn of Africa,2016,1,1
43568,Horn of Africa,2016,1,1
43569,North Africa,2016,1,1
43570,North Africa,2016,2,2
43571,North Africa,2016,1,1
42745,Mediterranean,2016,6,9
43558,North Africa,2016,1,1
43559,Horn of Africa,2016,1,1
43560,North Africa,2016,1,1
43561,North Africa,2016,2,2
43562,North Africa,2016,3,3
43563,North Africa,2016,1,1
43564,North Africa,2016,2,2
43565,North Africa,2016,3,3
43566,North Africa,2016,2,2
42772,Central America,2016,1,1
43009,Mediterranean,2016,,25
43555,Horn of Africa,2016,2,2
43556,North Africa,2016,1,1
43557,US-Mexico Border,2016,1,1
42378,Europe,2016,1,1
42855,Mediterranean,2016,4,4
43008,Mediterranean,2016,7,103
43549,US-Mexico Border,2016,1,1
43550,US-Mexico Border,2016,1,1
43551,North Africa,2016,3,3
43552,North Africa,2016,2,2
43553,North Africa,2016,4,4
43554,North Africa,2016,2,2
42816,Southeast Asia,2016,3,3
42876,Mediterranean,2016,4,99
42746,Mediterranean,2016,,135
42751,Mediterranean,2016,5,6
42862,Mediterranean,2016,,3
43543,North Africa,2016,1,1
43544,Horn of Africa,2016,3,3
43545,North Africa,2016,4,4
43546,North Africa,2016,2,2
43547,North Africa,2016,1,1
43548,North Africa,2016,4,4
42793,US-Mexico Border,2016,1,1
42765,Central America,2016,1,1
43542,North Africa,2016,10,10
42762,Central America,2016,1,1
43007,Mediterranean,2016,4,26
43541,US-Mexico Border,2016,1,1
42822,Southeast Asia,2016,,5
43535,North Africa,2016,1,1
43536,North Africa,2016,1,1
43537,North Africa,2016,3,3
43538,North Africa,2016,1,1
43539,North Africa,2016,1,1
43540,North Africa,2016,2,2
42785,Caribbean,2016,,19
42851,Mediterranean,2016,1,1
42728,Mediterranean,2016,10,22
43006,Mediterranean,2016,1,1
42761,US-Mexico Border,2016,1,1
42910,Mediterranean,2016,1,1
43532,US-Mexico Border,2016,1,1
42777,Southeast Asia,2016,54,60
43004,Mediterranean,2016,,128
43003,Mediterranean,2016,12,111
43531,Horn of Africa,2016,2,2
42776,South America,2016,1,1
42802,Caribbean,2016,1,6
43528,North Africa,2016,7,7
43529,North Africa,2016,2,2
42813,Middle East,2016,1,1
43002,Mediterranean,2016,3,3
42839,Central America,2016,1,1
43001,Mediterranean,2016,2,6
43000,Mediterranean,2016,2,34
43527,US-Mexico Border,2016,1,1
42455,Europe,2016,1,1
42732,Mediterranean,2016,97,97
42749,Mediterranean,2016,9,10
42996,Mediterranean,2016,1,30
42997,Mediterranean,2016,,29
42998,Mediterranean,2016,6,10
42999,Mediterranean,2016,,10
42754,Mediterranean,2016,29,29
42995,Mediterranean,2016,1,1
43526,US-Mexico Border,2016,1,1
42726,US-Mexico Border,2016,2,2
43525,US-Mexico Border,2016,1,1
42734,Central America,2016,44,44
42741,US-Mexico Border,2016,1,1
42814,Europe,2016,1,1
42740,US-Mexico Border,2016,1,1
42993,Mediterranean,2016,1,1
42994,Mediterranean,2016,,30
43522,North Africa,2016,1,1
43523,US-Mexico Border,2016,1,1
42781,Central America,2016,1,1
42989,Mediterranean,2016,1,1
42990,Mediterranean,2016,3,3
42991,Mediterranean,2016,13,13
42992,Mediterranean,2016,4,14
43033,Horn of Africa,2016,14,14
43507,North Africa,2016,2,2
43508,North Africa,2016,30,30
43509,North Africa,2016,6,6
43510,Horn of Africa,2016,1,1
43511,North Africa,2016,3,3
43512,Horn of Africa,2016,1,1
43513,North Africa,2016,6,6
43514,North Africa,2016,5,5
43515,North Africa,2016,2,2
43516,North Africa,2016,12,12
43517,Horn of Africa,2016,5,5
43518,Sub-Saharan Africa,2016,1,1
43519,North Africa,2016,2,2
43520,Sub-Saharan Africa,2016,1,1
43521,Horn of Africa,2016,1,1
42713,Mediterranean,2016,5,9
42714,US-Mexico Border,2016,1,1
42735,Central America,2016,1,1
42806,US-Mexico Border,2016,1,1
43480,North Africa,2016,3,3
43502,US-Mexico Border,2016,1,1
43503,North Africa,2016,6,6
43504,North Africa,2016,2,2
43505,North Africa,2016,2,2
43506,North Africa,2016,2,2
42736,Europe,2016,1,1
42737,Caribbean,2016,,1
42738,Europe,2016,1,1
43498,Horn of Africa,2016,1,1
43499,Horn of Africa,2016,1,1
43500,North Africa,2016,1,1
43501,Horn of Africa,2016,1,1
43497,North Africa,2016,5,5
43494,Horn of Africa,2016,1,1
43495,Horn of Africa,2016,1,1
43496,Horn of Africa,2016,1,1
42718,Europe,2016,1,1
42743,Central America,2016,1,1
42880,Mediterranean,2016,,17
43486,US-Mexico Border,2016,1,1
43487,US-Mexico Border,2016,1,1
43488,US-Mexico Border,2016,1,1
43489,US-Mexico Border,2016,1,1
43490,North Africa,2016,1,1
43491,North Africa,2016,1,1
43492,Horn of Africa,2016,2,2
43493,Horn of Africa,2016,2,2
42721,US-Mexico Border,2016,1,1
42727,Europe,2016,1,1
42827,Mediterranean,2016,1,4
43485,US-Mexico Border,2016,1,1
42729,US-Mexico Border,2016,1,1
43474,US-Mexico Border,2016,1,1
43475,US-Mexico Border,2016,1,1
43476,Horn of Africa,2016,1,1
43477,North Africa,2016,30,30
43478,North Africa,2016,6,6
43479,Horn of Africa,2016,5,5
43481,North Africa,2016,3,3
43482,Horn of Africa,2016,6,6
43483,North Africa,2016,2,2
43484,North Africa,2016,2,2
42449,Europe,2016,1,1
42717,Central America,2016,1,1
42811,Europe,2016,1,1
42988,Mediterranean,2016,2,2
42724,Mediterranean,2016,1,1
43473,US-Mexico Border,2016,1,1
42987,Mediterranean,2016,3,3
43032,Horn of Africa,2016,10,10
42715,Central America,2016,,0
42716,Central America,2016,6,6
42875,Mediterranean,2016,28,28
42693,Mediterranean,2016,11,11
42712,Mediterranean,2016,10,10
42723,Mediterranean,2016,30,30
43029,Mediterranean,2016,1,1
43470,Horn of Africa,2016,1,1
43471,North Africa,2016,1,1
43472,North Africa,2016,1,1
43469,US-Mexico Border,2016,1,1
43468,Sub-Saharan Africa,2016,7,7
42766,South America,2016,1,1
43464,US-Mexico Border,2016,1,1
42882,Mediterranean,2016,7,27
42942,Middle East,2016,14,14
42441,Mediterranean,2016,18,18
42708,US-Mexico Border,2016,1,1
43463,US-Mexico Border,2016,1,1
42705,US-Mexico Border,2016,,1
42711,Europe,2016,1,1
42832,Horn of Africa,2016,1,1
43459,US-Mexico Border,2016,1,1
43460,Sub-Saharan Africa,2016,1,1
43461,Horn of Africa,2016,1,1
43462,Horn of Africa,2016,1,1
43457,US-Mexico Border,2016,1,1
43458,US-Mexico Border,2016,1,1
42687,Central America,2016,1,1
42710,Middle East,2016,1,1
42722,Caribbean,2016,5,20
42774,Central America,2016,1,1
42847,Central America,2016,1,1
42874,Mediterranean,2016,204,288
43455,North Africa,2016,7,7
43456,US-Mexico Border,2016,1,1
42702,Mediterranean,2016,1,1
43449,US-Mexico Border,2016,1,1
43450,US-Mexico Border,2016,1,1
43451,US-Mexico Border,2016,1,1
43452,North Africa,2016,2,2
43453,North Africa,2016,3,3
43454,North Africa,2016,1,1
42692,Europe,2016,1,1
42719,US-Mexico Border,2016,1,1
43442,North Africa,2016,2,2
43443,North Africa,2016,2,2
43444,North Africa,2016,1,1
43445,North Africa,2016,2,2
43446,North Africa,2016,1,1
43447,US-Mexico Border,2016,25,25
43448,US-Mexico Border,2016,1,1
43440,US-Mexico Border,2016,1,1
43441,Horn of Africa,2016,1,1
42700,South America,2016,8,8
42861,Europe,2016,1,1
42944,US-Mexico Border,2016,1,1
43439,Horn of Africa,2016,2,2
42691,Mediterranean,2016,1,1
43438,Horn of Africa,2016,1,1
42703,Mediterranean,2016,5,5
43437,US-Mexico Border,2016,1,1
43435,US-Mexico Border,2016,1,1
43436,US-Mexico Border,2016,1,1
42699,Central America,2016,1,1
43433,US-Mexico Border,2016,1,1
43434,US-Mexico Border,2016,1,1
42704,US-Mexico Border,2016,1,1
42873,Europe,2016,6,6
43432,US-Mexico Border,2016,1,1
42701,US-Mexico Border,2016,1,1
42706,Europe,2016,1,1
43430,North Africa,2016,1,1
43431,North Africa,2016,1,1
42683,Central America,2016,1,1
42698,South America,2016,2,2
42707,US-Mexico Border,2016,1,1
42986,Mediterranean,2016,4,4
43428,US-Mexico Border,2016,1,1
43429,US-Mexico Border,2016,1,1
42845,Europe,2016,1,1
43427,US-Mexico Border,2016,1,1
42665,Mediterranean,2016,7,7
42666,Mediterranean,2016,1,1
42667,Mediterranean,2016,7,7
42985,Mediterranean,2016,5,5
42678,US-Mexico Border,2016,1,1
42807,US-Mexico Border,2016,1,1
42936,US-Mexico Border,2016,1,1
42664,Mediterranean,2016,3,3
42696,Central America,2016,3,3
42697,US-Mexico Border,2016,1,1
43424,US-Mexico Border,2016,1,1
43425,US-Mexico Border,2016,1,1
43426,North Africa,2016,2,2
42679,Mediterranean,2016,1,1
43465,North Africa,2016,1,1
43466,North Africa,2016,1,1
43467,North Africa,2016,1,1
42654,US-Mexico Border,2016,6,6
42941,Mediterranean,2016,3,3
42984,Mediterranean,2016,1,1
43416,US-Mexico Border,2016,1,1
43417,North Africa,2016,2,2
42681,US-Mexico Border,2016,1,1
42694,Sub-Saharan Africa,2016,3,3
42983,Mediterranean,2016,2,2
42670,Central America,2016,1,1
42709,Central America,2016,1,1
42695,South America,2016,1,1
43415,US-Mexico Border,2016,1,1
42675,US-Mexico Border,2016,1,1
42682,Mediterranean,2016,1,1
42690,US-Mexico Border,2016,1,1
43414,US-Mexico Border,2016,1,1
42982,Mediterranean,2016,1,1
42872,Europe,2016,1,1
43413,US-Mexico Border,2016,1,1
42680,Mediterranean,2016,,7
42889,Middle East,2016,1,1
43412,US-Mexico Border,2016,1,1
42661,US-Mexico Border,2016,1,1
42850,Europe,2016,1,1
42660,Mediterranean,2016,1,3
43409,Sub-Saharan Africa,2016,1,1
43410,North Africa,2016,1,1
43411,US-Mexico Border,2016,1,1
42676,Central America,2016,1,1
43407,Sub-Saharan Africa,2016,1,1
43408,Sub-Saharan Africa,2016,3,3
42689,South America,2016,1,1
43404,North Africa,2016,2,2
43405,North Africa,2016,1,1
43406,North Africa,2016,2,2
42652,Mediterranean,2016,5,7
43402,North Africa,2016,3,3
43403,North Africa,2016,8,8
42656,Central America,2016,3,3
42658,Mediterranean,2016,,1
43400,Horn of Africa,2016,1,1
43401,North Africa,2016,7,7
42649,US-Mexico Border,2016,1,1
42650,Mediterranean,2016,1,1
42688,South America,2016,1,1
42980,Mediterranean,2016,1,1
42981,Mediterranean,2016,3,3
43398,North Africa,2016,2,2
43399,North Africa,2016,2,2
43396,North Africa,2016,2,2
43397,Horn of Africa,2016,1,1
42739,US-Mexico Border,2016,1,1
43394,North Africa,2016,2,2
43395,North Africa,2016,2,2
42669,Central America,2016,1,1
42653,Central America,2016,6,6
42829,Mediterranean,2016,,9
43391,North Africa,2016,1,1
43392,Horn of Africa,2016,2,2
43393,North Africa,2016,1,1
42629,US-Mexico Border,2016,1,1
42630,US-Mexico Border,2016,1,1
42659,US-Mexico Border,2016,1,1
43390,US-Mexico Border,2016,1,1
42643,US-Mexico Border,2016,1,1
42644,US-Mexico Border,2016,1,1
42810,US-Mexico Border,2016,1,1
42979,Mediterranean,2016,1,1
43388,US-Mexico Border,2016,1,1
43389,US-Mexico Border,2016,1,1
42634,Central America,2016,1,1
42657,US-Mexico Border,2016,1,1
43387,US-Mexico Border,2016,1,1
42673,US-Mexico Border,2016,1,1
43384,US-Mexico Border,2016,1,1
43385,US-Mexico Border,2016,1,1
43386,US-Mexico Border,2016,1,1
42646,US-Mexico Border,2016,1,1
43382,North Africa,2016,3,3
43383,US-Mexico Border,2016,1,1
42639,Central America,2016,2,2
42668,Central America,2016,2,2
42978,Mediterranean,2016,21,21
42621,Central America,2016,8,8
42626,US-Mexico Border,2016,1,1
42637,US-Mexico Border,2016,1,1
42662,Central America,2016,1,1
42663,Central America,2016,1,1
43378,North Africa,2016,6,6
43379,North Africa,2016,6,6
43380,US-Mexico Border,2016,1,1
43381,US-Mexico Border,2016,1,1
43418,North Africa,2016,3,3
43419,North Africa,2016,1,1
43420,North Africa,2016,5,5
43421,North Africa,2016,7,7
43422,North Africa,2016,1,1
43423,North Africa,2016,5,5
42619,Mediterranean,2016,1,1
42620,Mediterranean,2016,4,4
42976,Mediterranean,2016,120,120
42977,Mediterranean,2016,,0
43364,US-Mexico Border,2016,1,1
43365,US-Mexico Border,2016,1,1
42618,North Africa,2016,9,9
42647,US-Mexico Border,2016,1,1
42628,US-Mexico Border,2016,1,1
42640,US-Mexico Border,2016,1,1
42625,US-Mexico Border,2016,1,1
42645,US-Mexico Border,2016,1,1
42954,Europe,2016,1,1
42614,Central America,2016,1,1
42877,Europe,2016,1,1
43362,US-Mexico Border,2016,1,1
43363,US-Mexico Border,2016,1,1
43361,US-Mexico Border,2016,1,1
42612,Central America,2016,1,1
42616,US-Mexico Border,2016,1,1
42615,Central America,2016,1,1
42853,Southeast Asia,2016,15,26
43360,US-Mexico Border,2016,1,1
42623,Mediterranean,2016,3,10
42975,Mediterranean,2016,18,18
42627,US-Mexico Border,2016,1,1
42671,US-Mexico Border,2016,1,1
43358,North Africa,2016,2,2
43359,US-Mexico Border,2016,1,1
42401,Central America,2016,3,3
42607,Caribbean,2016,,2
42613,Europe,2016,1,1
42846,Central America,2016,,0
42871,Mediterranean,2016,22,22
43352,Horn of Africa,2016,1,1
43353,Horn of Africa,2016,1,1
43354,North Africa,2016,3,3
43355,North Africa,2016,2,2
43356,North Africa,2016,1,1
43357,US-Mexico Border,2016,1,1
42838,US-Mexico Border,2016,1,1
42870,Mediterranean,2016,1,1
43348,US-Mexico Border,2016,1,1
43349,US-Mexico Border,2016,1,1
43350,North Africa,2016,4,4
43351,North Africa,2016,1,1
42684,US-Mexico Border,2016,1,1
43346,Horn of Africa,2016,3,3
43347,North Africa,2016,3,3
43345,Horn of Africa,2016,1,1
42604,US-Mexico Border,2016,1,1
42622,US-Mexico Border,2016,1,1
43343,US-Mexico Border,2016,1,1
43344,North Africa,2016,1,1
42617,Central America,2016,1,1
42638,US-Mexico Border,2016,1,1
42752,US-Mexico Border,2016,1,2
42878,Horn of Africa,2016,4,4
43338,US-Mexico Border,2016,1,1
43339,US-Mexico Border,2016,28,28
43340,US-Mexico Border,2016,,0
43341,US-Mexico Border,2016,,0
43342,US-Mexico Border,2016,,0
42632,US-Mexico Border,2016,1,1
42686,Central America,2016,1,1
43336,North Africa,2016,6,6
43337,North Africa,2016,2,2
42591,Mediterranean,2016,4,7
43335,US-Mexico Border,2016,1,1
42599,Europe,2016,1,1
42869,Mediterranean,2016,4,4
42974,Mediterranean,2016,1,21
43330,US-Mexico Border,2016,1,1
43331,Sub-Saharan Africa,2016,1,1
43332,North Africa,2016,5,5
43333,North Africa,2016,1,1
43334,North Africa,2016,3,3
42589,Central America,2016,1,1
42608,US-Mexico Border,2016,1,1
42856,Caribbean,2016,,15
42857,Caribbean,2016,,0
42858,Caribbean,2016,,0
42859,Caribbean,2016,,0
43329,US-Mexico Border,2016,1,1
42609,East Asia,2016,1,3
43328,US-Mexico Border,2016,1,1
42624,Caribbean,2016,1,1
43323,North Africa,2016,4,4
43324,North Africa,2016,2,2
43325,North Africa,2016,3,3
43326,US-Mexico Border,2016,1,1
43327,US-Mexico Border,2016,1,1
42590,US-Mexico Border,2016,1,1
42592,US-Mexico Border,2016,1,1
42674,Mediterranean,2016,1,1
42863,US-Mexico Border,2016,1,1
43322,North Africa,2016,2,2
43319,US-Mexico Border,2016,1,1
43320,Horn of Africa,2016,1,1
43321,North Africa,2016,1,1
42593,US-Mexico Border,2016,1,1
43318,US-Mexico Border,2016,1,1
42603,Europe,2016,1,1
42825,Middle East,2016,1,1
43316,US-Mexico Border,2016,1,1
43317,US-Mexico Border,2016,1,1
42601,Mediterranean,2016,13,17
43314,US-Mexico Border,2016,1,1
43315,North Africa,2016,2,2
42672,US-Mexico Border,2016,,1
43366,North Africa,2016,1,1
43367,North Africa,2016,3,3
43368,North Africa,2016,1,1
43369,North Africa,2016,1,1
43370,North Africa,2016,1,1
43371,North Africa,2016,3,3
43372,North Africa,2016,1,1
43373,North Africa,2016,1,1
43374,North Africa,2016,2,2
43375,North Africa,2016,1,1
43376,North Africa,2016,1,1
43377,North Africa,2016,1,1
42595,Mediterranean,2016,10,10
42588,Central America,2016,1,1
43305,US-Mexico Border,2016,1,1
43304,US-Mexico Border,2016,1,1
43303,US-Mexico Border,2016,1,1
42973,Mediterranean,2016,1,1
42606,US-Mexico Border,2016,1,1
42951,Mediterranean,2016,6,6
42972,Mediterranean,2016,,17
43301,Sub-Saharan Africa,2016,2,2
43302,US-Mexico Border,2016,1,1
42631,Central America,2016,1,1
42879,Mediterranean,2016,1,1
43298,US-Mexico Border,2016,1,1
43299,US-Mexico Border,2016,1,1
43300,Sub-Saharan Africa,2016,1,1
42583,US-Mexico Border,2016,1,1
43296,North Africa,2016,9,9
42582,Middle East,2016,11,11
43289,Horn of Africa,2016,1,1
43290,Horn of Africa,2016,1,1
43291,North Africa,2016,1,1
43292,North Africa,2016,3,3
43293,North Africa,2016,2,2
43294,North Africa,2016,1,1
43295,North Africa,2016,5,5
43297,US-Mexico Border,2016,1,1
42540,Middle East,2016,8,8
42544,US-Mexico Border,2016,1,1
43288,North Africa,2016,6,6
42581,Middle East,2016,1,1
42730,US-Mexico Border,2016,1,1
42971,Mediterranean,2016,2,2
43284,North Africa,2016,1,1
43285,North Africa,2016,11,11
43286,Horn of Africa,2016,2,2
43287,North Africa,2016,4,4
42598,Central America,2016,1,1
43282,US-Mexico Border,2016,1,1
43283,US-Mexico Border,2016,1,1
42462,Sub-Saharan Africa,2016,19,19
42498,US-Mexico Border,2016,1,1
42521,US-Mexico Border,2016,1,1
42541,US-Mexico Border,2016,2,3
42542,US-Mexico Border,2016,1,1
43280,North Africa,2016,3,3
43281,North Africa,2016,3,3
42584,Mediterranean,2016,9,9
43277,Horn of Africa,2016,1,1
43278,North Africa,2016,2,2
43279,North Africa,2016,2,2
43275,North Africa,2016,1,1
43276,US-Mexico Border,2016,1,1
42479,North Africa,2016,34,34
42580,Middle East,2016,3,3
42970,Mediterranean,2016,1,1
43274,Horn of Africa,2016,1,1
43270,Horn of Africa,2016,1,1
43271,North Africa,2016,2,2
43272,North Africa,2016,3,3
43273,North Africa,2016,1,1
43264,North Africa,2016,1,1
43265,US-Mexico Border,2016,1,1
43266,US-Mexico Border,2016,1,1
43267,US-Mexico Border,2016,1,1
43268,US-Mexico Border,2016,1,1
43269,US-Mexico Border,2016,1,1
42579,Middle East,2016,1,1
42792,US-Mexico Border,2016,1,1
42868,Mediterranean,2016,2,2
43260,Horn of Africa,2016,2,2
43261,US-Mexico Border,2016,1,1
43262,US-Mexico Border,2016,1,1
43263,US-Mexico Border,2016,1,1
42844,Southeast Asia,2016,6,6
43259,North Africa,2016,1,1
42484,Caribbean,2016,1,1
42502,Mediterranean,2016,1,1
42545,Europe,2016,1,1
42720,US-Mexico Border,2016,1,1
43256,US-Mexico Border,2016,1,1
43257,US-Mexico Border,2016,1,1
43258,US-Mexico Border,2016,1,1
43255,US-Mexico Border,2016,1,1
42496,Central America,2016,1,1
43252,US-Mexico Border,2016,1,1
43253,North Africa,2016,1,1
43254,North Africa,2016,2,2
42471,Mediterranean,2016,10,339
42597,US-Mexico Border,2016,1,1
43250,North Africa,2016,3,3
43251,US-Mexico Border,2016,1,1
42444,Europe,2016,1,1
42522,US-Mexico Border,2016,1,1
42605,US-Mexico Border,2016,1,1
43249,US-Mexico Border,2016,1,1
43306,North Africa,2016,3,3
43307,North Africa,2016,2,2
43308,North Africa,2016,1,1
43309,North Africa,2016,1,1
43310,North Africa,2016,2,2
43311,North Africa,2016,1,1
43312,North Africa,2016,1,1
43313,North Africa,2016,2,2
42600,Central America,2016,1,1
43240,US-Mexico Border,2016,1,1
43241,US-Mexico Border,2016,1,1
43242,US-Mexico Border,2016,1,1
42492,US-Mexico Border,2016,1,1
42445,Mediterranean,2016,45,245
42538,Central America,2016,1,1
42596,US-Mexico Border,2016,1,1
42539,Europe,2016,1,1
42578,Middle East,2016,1,1
42968,Mediterranean,2016,,47
42969,Mediterranean,2016,1,1
42594,US-Mexico Border,2016,1,1
42447,Mediterranean,2016,,550
42966,Mediterranean,2016,,9
42967,Mediterranean,2016,1,1
43239,US-Mexico Border,2016,1,1
42519,Central America,2016,1,1
42963,Mediterranean,2016,6,6
42964,Mediterranean,2016,5,255
42965,Mediterranean,2016,,0
43238,US-Mexico Border,2016,1,1
42487,Central America,2016,1,1
42577,Middle East,2016,1,1
42587,Central America,2016,1,1
42962,Mediterranean,2016,4,4
43237,US-Mexico Border,2016,1,1
42576,Middle East,2016,1,1
43232,North Africa,2016,1,1
43233,North Africa,2016,1,1
43234,North Africa,2016,1,1
43235,Horn of Africa,2016,1,1
43236,US-Mexico Border,2016,1,1
42509,Mediterranean,2016,0,10
42575,Middle East,2016,2,2
43230,North Africa,2016,3,3
43231,North Africa,2016,5,5
42517,Central America,2016,1,1
42756,Central America,2016,1,1
43229,North Africa,2016,9,9
42481,Central America,2016,1,1
42842,Mediterranean,2016,,45
43226,North Africa,2016,1,1
43227,Sub-Saharan Africa,2016,2,2
43228,North Africa,2016,3,3
42530,US-Mexico Border,2016,1,1
43223,North Africa,2016,1,1
43224,Horn of Africa,2016,2,2
43225,US-Mexico Border,2016,1,1
42574,Middle East,2016,1,1
42836,Central America,2016,1,1
42457,Mediterranean,2016,1,1
42458,Mediterranean,2016,1,1
42485,Central America,2016,1,1
42763,Central America,2016,1,1
42835,US-Mexico Border,2016,1,1
43218,North Africa,2016,2,2
43219,North Africa,2016,6,6
43220,North Africa,2016,2,2
43221,US-Mexico Border,2016,1,1
43222,US-Mexico Border,2016,1,1
42611,Central America,2016,1,1
42510,Central America,2016,1,1
42535,US-Mexico Border,2016,1,1
42725,US-Mexico Border,2016,1,1
42843,North Africa,2016,,57
43217,North Africa,2016,2,2
42831,Mediterranean,2016,1,1
42529,US-Mexico Border,2016,1,1
42573,Middle East,2016,1,1
42648,North Africa,2016,10,20
42474,Europe,2016,1,1
42511,Central America,2016,1,1
42572,Middle East,2016,1,1
42636,Mediterranean,2016,1,1
42571,Middle East,2016,1,1
42833,Central America,2016,1,1
43216,US-Mexico Border,2016,1,1
43037,Mediterranean,2016,1,1
42533,US-Mexico Border,2016,1,1
42537,US-Mexico Border,2016,1,1
42528,Sub-Saharan Africa,2016,5,7
43243,North Africa,2016,1,1
43244,North Africa,2016,1,1
43245,North Africa,2016,3,3
43246,North Africa,2016,3,3
43247,North Africa,2016,3,3
43248,North Africa,2016,2,2
42448,Mediterranean,2016,0,84
42453,US-Mexico Border,2016,1,1
42463,Mediterranean,2016,2,20
42961,Mediterranean,2016,0,9
42570,Middle East,2016,1,1
42532,North Africa,2016,13,13
42569,Middle East,2016,1,1
42507,US-Mexico Border,2016,1,1
42568,Middle East,2016,1,1
42934,US-Mexico Border,2016,1,1
43036,Mediterranean,2016,,3
42567,Middle East,2016,1,1
42465,US-Mexico Border,2016,1,1
42602,Central America,2016,1,1
42742,US-Mexico Border,2016,1,1
42834,Central America,2016,1,1
43206,North Africa,2016,2,2
43207,North Africa,2016,2,2
43208,North Africa,2016,1,1
43209,North Africa,2016,2,2
43210,North Africa,2016,3,3
42566,Middle East,2016,1,1
43202,North Africa,2016,2,2
43203,North Africa,2016,2,2
43204,North Africa,2016,5,5
43205,North Africa,2016,3,3
42565,Middle East,2016,1,1
43199,Sub-Saharan Africa,2016,1,1
43200,North Africa,2016,3,3
43201,North Africa,2016,1,1
42933,US-Mexico Border,2016,1,1
43196,Horn of Africa,2016,1,1
43197,Horn of Africa,2016,1,1
43198,North Africa,2016,3,3
42466,Mediterranean,2016,8,32
42516,Middle East,2016,2,2
42830,Mediterranean,2016,,6
43194,North Africa,2016,3,3
43195,North Africa,2016,2,2
42467,Mediterranean,2016,1,1
42564,Middle East,2016,1,1
42515,Middle East,2016,1,1
42744,Central America,2016,1,1
43193,North Africa,2016,2,2
42506,Mediterranean,2016,4,4
42757,US-Mexico Border,2016,1,1
42505,Mediterranean,2016,3,3
42478,Central America,2016,1,1
42503,Central America,2016,1,1
42867,Mediterranean,2016,5,9
42881,Mediterranean,2016,0,459
42527,US-Mexico Border,2016,1,1
42932,US-Mexico Border,2016,1,1
43190,North Africa,2016,5,5
43191,North Africa,2016,7,7
43192,Central America,2016,1,1
42563,Middle East,2016,1,1
42930,US-Mexico Border,2016,2,2
42931,US-Mexico Border,2016,1,1
42494,Central America,2016,1,1
42562,Middle East,2016,2,2
42840,US-Mexico Border,2016,1,1
42428,US-Mexico Border,2016,1,1
42747,Caribbean,2016,1,1
42525,Europe,2016,1,1
42928,US-Mexico Border,2016,1,1
42929,US-Mexico Border,2016,1,1
43189,Central America,2016,1,1
43211,North Africa,2016,2,2
43212,North Africa,2016,1,1
43213,North Africa,2016,1,1
43214,North Africa,2016,1,1
43215,North Africa,2016,1,1
42407,Europe,2016,1,1
42408,Mediterranean,2016,9,9
42475,Central America,2016,4,4
42497,Central America,2016,1,1
43186,Horn of Africa,2016,1,1
43187,Horn of Africa,2016,1,1
42767,US-Mexico Border,2016,1,1
42948,Mediterranean,2016,,90
43185,North Africa,2016,3,3
42514,Middle East,2016,1,1
42960,Mediterranean,2016,,84
42501,US-Mexico Border,2016,1,1
42421,US-Mexico Border,2016,1,1
42520,Mediterranean,2016,12,12
42826,Central America,2016,1,1
42470,US-Mexico Border,2016,1,1
42561,Middle East,2016,1,1
43184,North Africa,2016,2,2
42406,Europe,2016,2,2
43183,Central America,2016,1,1
42438,Mediterranean,2016,1,1
42477,Central America,2016,1,1
42431,US-Mexico Border,2016,1,1
42432,US-Mexico Border,2016,1,1
42433,US-Mexico Border,2016,1,1
42450,Mediterranean,2016,,4
42476,Mediterranean,2016,2,2
42482,Central America,2016,1,1
42508,Mediterranean,2016,2,2
42513,Middle East,2016,1,1
42927,US-Mexico Border,2016,1,1
43165,North Africa,2016,3,3
43166,North Africa,2016,2,2
43167,North Africa,2016,5,5
43168,North Africa,2016,1,1
43169,North Africa,2016,2,2
43170,North Africa,2016,21,21
43171,North Africa,2016,2,2
43172,North Africa,2016,3,3
43173,North Africa,2016,1,1
43174,North Africa,2016,11,11
43175,North Africa,2016,5,5
43176,North Africa,2016,2,2
43177,North Africa,2016,2,2
43178,North Africa,2016,10,10
43179,North Africa,2016,1,1
43180,North Africa,2016,1,1
43181,North Africa,2016,3,3
43182,North Africa,2016,8,8
42451,Mediterranean,2016,51,51
42454,US-Mexico Border,2016,1,1
42468,Central America,2016,1,1
42469,Central America,2016,1,1
42837,Central America,2016,1,1
42864,Caribbean,2016,9,9
42959,Mediterranean,2016,,0
43164,North Africa,2016,1,1
42926,US-Mexico Border,2016,1,1
42493,Mediterranean,2016,4,4
43150,Horn of Africa,2016,1,1
43151,Horn of Africa,2016,1,1
43152,North Africa,2016,6,6
43153,North Africa,2016,11,11
43154,North Africa,2016,1,1
43155,North Africa,2016,20,20
43156,North Africa,2016,1,1
43157,North Africa,2016,5,5
43158,North Africa,2016,1,1
43159,North Africa,2016,3,3
43160,Horn of Africa,2016,1,1
43161,North Africa,2016,2,2
43162,North Africa,2016,6,6
43163,North Africa,2016,9,9
42586,Central America,2016,1,1
42940,Mediterranean,2016,3,3
43149,North Africa,2016,1,1
42429,Central America,2016,1,1
42460,Mediterranean,2016,,8
42488,US-Mexico Border,2016,1,1
42950,Europe,2016,3,3
43146,Horn of Africa,2016,1,1
43147,North Africa,2016,1,1
43148,North Africa,2016,1,1
42504,Central America,2016,1,1
42560,Middle East,2016,1,1
42559,Middle East,2016,1,1
42655,Mediterranean,2016,1,1
43145,North Africa,2016,1,1
42558,Middle East,2016,1,1
42949,Europe,2016,1,1
42439,Mediterranean,2016,5,7
42534,Central America,2016,1,1
42420,US-Mexico Border,2016,1,1
42557,Middle East,2016,1,1
43142,North Africa,2016,1,1
43143,Horn of Africa,2016,1,1
43144,North Africa,2016,1,1
42924,US-Mexico Border,2016,1,1
42925,US-Mexico Border,2016,1,1
43141,North Africa,2016,2,2
42403,Mediterranean,2016,25,25
42923,US-Mexico Border,2016,1,1
43140,North Africa,2016,3,3
43035,Mediterranean,2016,,20
42921,US-Mexico Border,2016,1,1
42922,US-Mexico Border,2016,1,1
42486,Sub-Saharan Africa,2016,3,3
42953,Europe,2016,1,1
43028,Mediterranean,2016,1,1
42920,US-Mexico Border,2016,1,1
43031,Horn of Africa,2016,4,4
43139,North Africa,2016,2,2
43188,North Africa,2016,1,1
42422,US-Mexico Border,2016,1,1
42556,Middle East,2016,1,1
42888,Middle East,2016,1,1
42418,US-Mexico Border,2016,1,1
42919,US-Mexico Border,2016,1,1
42947,Mediterranean,2016,5,5
42437,US-Mexico Border,2016,1,1
43118,North Africa,2016,1,1
43119,North Africa,2016,13,13
43120,North Africa,2016,3,3
43121,North Africa,2016,3,3
43122,North Africa,2016,6,6
43123,North Africa,2016,1,1
43124,North Africa,2016,10,10
43125,North Africa,2016,2,2
43126,North Africa,2016,1,1
43127,North Africa,2016,30,30
43128,North Africa,2016,5,5
43129,North Africa,2016,3,3
43130,North Africa,2016,3,3
43131,North Africa,2016,1,1
43132,North Africa,2016,28,28
43133,North Africa,2016,1,1
43134,North Africa,2016,6,6
43135,North Africa,2016,3,3
43136,North Africa,2016,1,1
43117,North Africa,2016,1,1
42526,US-Mexico Border,2016,1,1
42677,Central America,2016,1,1
42866,Mediterranean,2016,2,2
43115,North Africa,2016,1,1
43116,North Africa,2016,2,2
43099,US-Mexico Border,2016,4,4
43100,North Africa,2016,1,1
43101,Horn of Africa,2016,1,1
43102,Sub-Saharan Africa,2016,2,2
43103,North Africa,2016,3,3
43104,North Africa,2016,6,6
43105,North Africa,2016,1,1
43106,North Africa,2016,25,25
43107,North Africa,2016,1,1
43108,North Africa,2016,3,3
43109,North Africa,2016,1,1
43110,North Africa,2016,3,3
43111,Horn of Africa,2016,6,6
43112,North Africa,2016,1,1
43113,North Africa,2016,2,2
43114,North Africa,2016,8,8
42414,Mediterranean,2016,1,1
42443,Caribbean,2016,,1
42884,Middle East,2016,1,1
42885,Middle East,2016,1,1
42886,Middle East,2016,1,1
42887,Middle East,2016,1,1
43090,North Africa,2016,1,1
43091,Horn of Africa,2016,1,1
43092,Horn of Africa,2016,1,1
43093,North Africa,2016,3,3
43094,North Africa,2016,2,2
43095,North Africa,2016,1,1
43096,North Africa,2016,3,3
43097,North Africa,2016,6,6
43098,North Africa,2016,5,5
42499,Mediterranean,2016,1,1
43089,North Africa,2016,2,2
42555,Middle East,2016,1,1
42585,Central America,2016,1,1
42536,Central America,2016,1,1
42543,Central America,2016,1,1
42495,Europe,2016,1,1
42633,North Africa,2016,,28
42753,Caribbean,2016,1,26
43085,North Africa,2016,3,3
43086,North Africa,2016,6,6
43087,North Africa,2016,2,2
43088,North Africa,2016,3,3
43081,Horn of Africa,2016,1,1
43082,North Africa,2016,7,7
43083,North Africa,2016,1,1
43084,North Africa,2016,3,3
42440,Europe,2016,1,1
43080,Horn of Africa,2016,1,1
42641,US-Mexico Border,2016,1,1
43079,US-Mexico Border,2016,11,11
42424,North Africa,2016,1,1
42436,Middle East,2016,1,1
42483,Mediterranean,2016,27,36
42491,Central America,2016,1,1
42554,Middle East,2016,1,1
42651,South America,2016,1,1
42841,North Africa,2016,,56
42939,Europe,2016,2,2
43073,Horn of Africa,2016,1,1
43074,Horn of Africa,2016,1,1
43075,North Africa,2016,2,2
43076,North Africa,2016,7,7
43077,North Africa,2016,1,1
43078,North Africa,2016,4,4
43072,North Africa,2016,1,1
42553,Middle East,2016,1,1
42635,Mediterranean,2016,1,1
43071,North Africa,2016,5,5
42417,Mediterranean,2016,9,9
42423,North Africa,2016,7,7
42828,Caribbean,2016,1,1
43030,Horn of Africa,2016,20,20
43137,Sub-Saharan Africa,2016,1,1
43138,North Africa,2016,2,2
42425,Mediterranean,2016,3,3
42642,US-Mexico Border,2016,1,1
42918,US-Mexico Border,2016,1,1
42402,Mediterranean,2016,39,39
42480,Central America,2016,1,1
42958,Mediterranean,2016,6,70
43062,North Africa,2016,2,2
42461,US-Mexico Border,2016,1,1
42552,Middle East,2016,1,1
43059,North Africa,2016,2,2
43060,North Africa,2016,3,3
43061,North Africa,2016,1,1
42943,Middle East,2016,1,1
43027,Mediterranean,2016,26,41
42434,Mediterranean,2016,7,7
42551,Middle East,2016,1,1
42405,Mediterranean,2016,5,21
42416,Southeast Asia,2016,23,35
42907,Mediterranean,2016,1,1
42916,US-Mexico Border,2016,1,1
42917,US-Mexico Border,2016,1,1
42411,Europe,2016,1,1
42412,Middle East,2016,1,1
42413,Middle East,2016,3,3
42550,Middle East,2016,1,1
42906,Mediterranean,2016,2,2
42915,US-Mexico Border,2016,1,1
42956,Mediterranean,2016,1,1
42957,Mediterranean,2016,1,1
42903,Mediterranean,2016,1,1
42904,Mediterranean,2016,1,1
42905,Mediterranean,2016,2,2
42512,Europe,2016,1,1
42902,Mediterranean,2016,1,1
42938,Europe,2016,1,1
42410,US-Mexico Border,2016,1,1
42473,Mediterranean,2016,13,24
42489,Caribbean,2016,1,1
42549,Middle East,2016,1,1
42900,Mediterranean,2016,8,8
42901,Mediterranean,2016,35,44
43058,North Africa,2016,2,2
42409,Mediterranean,2016,2,2
42415,Sub-Saharan Africa,2016,14,14
42610,Central America,2016,1,1
42937,Europe,2016,1,1
43053,Horn of Africa,2016,1,1
43054,Horn of Africa,2016,2,2
43055,North Africa,2016,2,2
43056,North Africa,2016,1,1
43057,North Africa,2016,2,2
43051,North Africa,2016,14,14
43052,Horn of Africa,2016,1,1
42899,Mediterranean,2016,1,1
42955,Mediterranean,2016,1,9
43050,Sub-Saharan Africa,2016,4,4
42419,Europe,2016,1,1
42548,Middle East,2016,1,1
42914,US-Mexico Border,2016,1,1
42547,Middle East,2016,1,1
42897,Mediterranean,2016,6,6
42898,Mediterranean,2016,1,1
42435,Mediterranean,2016,1,1
42523,Mediterranean,2016,3,3
42524,Mediterranean,2016,4,4
43048,North Africa,2016,1,1
43049,North Africa,2016,1,1
42945,Mediterranean,2016,6,6
42946,Mediterranean,2016,3,6
42796,US-Mexico Border,2016,1,1
42546,Middle East,2016,1,1
43046,North Africa,2016,1,1
43047,Horn of Africa,2016,1,1
42456,Mediterranean,2016,3,3
42464,Central America,2016,1,1
42472,South America,2016,9,15
42865,Mediterranean,2016,1,9
43045,US-Mexico Border,2016,1,1
42849,Europe,2016,1,1
43039,North Africa,2016,2,2
43040,Horn of Africa,2016,2,2
43041,North Africa,2016,1,1
43042,North Africa,2016,3,3
43043,Horn of Africa,2016,1,1
43044,Horn of Africa,2016,1,1
42490,Middle East,2016,7,7
42500,Central America,2016,1,1
42913,US-Mexico Border,2016,1,1
42404,Middle East,2016,4,4
42459,Mediterranean,2016,1,1
42808,US-Mexico Border,2016,4,4
42896,Mediterranean,2016,1,1
42935,Horn of Africa,2016,,36
43038,North Africa,2016,2,2
42848,Mediterranean,2016,36,36
42894,Mediterranean,2016,1,1
42895,Mediterranean,2016,1,1
42911,US-Mexico Border,2016,1,1
42912,US-Mexico Border,2016,1,1
42430,Mediterranean,2016,3,3
42891,Mediterranean,2016,1,1
42892,Mediterranean,2016,1,1
42893,Mediterranean,2016,1,1
42952,Central America,2016,1,1
42426,Central America,2016,3,3
42427,Mediterranean,2016,1,1
42452,Mediterranean,2016,1,1
42890,Mediterranean,2016,4,4
43063,North Africa,2016,1,1
43064,North Africa,2016,1,1
43065,North Africa,2016,6,6
43066,North Africa,2016,3,3
43067,North Africa,2016,1,1
43068,North Africa,2016,2,2
43069,North Africa,2016,1,1
43070,North Africa,2016,2,2
40562,Caribbean,2015,5,5
40638,Europe,2015,2,2
40647,Sub-Saharan Africa,2015,,1
40650,Mediterranean,2015,1,1
40652,US-Mexico Border,2015,126,126
40710,Horn of Africa,2015,1,1
40711,Horn of Africa,2015,1,1
40754,Horn of Africa,2015,1,1
40530,Mediterranean,2015,2,2
40531,Mediterranean,2015,7,7
40656,Central America,2015,3,3
41027,US-Mexico Border,2015,1,1
41028,US-Mexico Border,2015,1,1
41029,US-Mexico Border,2015,1,1
40529,Mediterranean,2015,4,4
40613,Europe,2015,1,1
41004,Central America,2015,1,1
41026,US-Mexico Border,2015,1,1
40528,Mediterranean,2015,1,1
40687,North Africa,2015,1,1
40675,Caribbean,2015,,13
40526,Mediterranean,2015,1,1
40527,Mediterranean,2015,1,1
41003,Mediterranean,2015,2,2
40523,Mediterranean,2015,20,20
40524,US-Mexico Border,2015,1,1
40525,Mediterranean,2015,2,2
41051,Mediterranean,2015,1,1
40522,Mediterranean,2015,1,1
41002,Mediterranean,2015,1,1
40519,Mediterranean,2015,2,2
40520,Mediterranean,2015,11,11
40521,Mediterranean,2015,13,14
40518,Mediterranean,2015,1,1
40517,Mediterranean,2015,1,1
40707,North Africa,2015,2,2
40708,North Africa,2015,12,12
40709,North Africa,2015,36,36
40746,Horn of Africa,2015,1,1
40747,North Africa,2015,3,3
40748,North Africa,2015,1,1
40749,North Africa,2015,6,6
40750,North Africa,2015,1,1
40751,North Africa,2015,1,1
40752,North Africa,2015,23,23
40753,North Africa,2015,11,11
40781,Horn of Africa,2015,2,2
40782,North Africa,2015,6,6
40788,Sub-Saharan Africa,2015,3,3
40832,North Africa,2015,3,3
40514,Mediterranean,2015,2,2
40516,Mediterranean,2015,1,1
40607,Europe,2015,1,1
40757,North Africa,2015,1,1
40758,North Africa,2015,1,1
40770,North Africa,2015,2,2
40787,Horn of Africa,2015,1,1
40511,Mediterranean,2015,18,18
40512,Mediterranean,2015,4,4
40513,Mediterranean,2015,4,4
40653,Central America,2015,1,1
40786,Horn of Africa,2015,1,1
41092,North Africa,2015,1,1
40706,North Africa,2015,1,1
40742,Horn of Africa,2015,2,2
40743,North Africa,2015,4,4
40744,North Africa,2015,5,5
40745,North Africa,2015,1,1
40769,North Africa,2015,3,3
40780,North Africa,2015,8,8
40785,Horn of Africa,2015,1,1
41091,North Africa,2015,2,2
40506,Mediterranean,2015,2,2
40507,Mediterranean,2015,4,4
40508,Mediterranean,2015,1,1
40510,Mediterranean,2015,5,5
40737,Horn of Africa,2015,1,1
40738,North Africa,2015,3,3
40739,North Africa,2015,3,3
40740,North Africa,2015,8,8
40741,North Africa,2015,5,5
40779,North Africa,2015,34,34
40784,Horn of Africa,2015,1,1
40791,North Africa,2015,2,2
40819,North Africa,2015,2,2
41090,North Africa,2015,10,10
40505,Mediterranean,2015,2,5
40601,Horn of Africa,2015,3,3
40734,North Africa,2015,2,2
40735,North Africa,2015,2,2
40736,North Africa,2015,3,3
40768,North Africa,2015,1,1
41089,North Africa,2015,9,9
40502,Mediterranean,2015,1,1
40503,Mediterranean,2015,3,6
40504,Mediterranean,2015,1,1
40594,Central America,2015,1,1
40789,Sub-Saharan Africa,2015,1,1
40501,Mediterranean,2015,1,1
40611,Central America,2015,1,1
40499,Mediterranean,2015,4,4
40500,Mediterranean,2015,4,13
40644,US-Mexico Border,2015,1,1
40824,North Africa,2015,5,5
40825,North Africa,2015,3,3
40497,Mediterranean,2015,1,1
40498,Mediterranean,2015,12,25
40561,Mediterranean,2015,1,1
40674,US-Mexico Border,2015,1,1
40705,North Africa,2015,3,3
40767,North Africa,2015,3,3
40559,North Africa,2015,11,38
40560,Mediterranean,2015,6,6
41039,Sub-Saharan Africa,2015,7,7
40875,North Africa,2015,2,2
41025,US-Mexico Border,2015,1,1
40646,Sub-Saharan Africa,2015,3,3
40843,North Africa,2015,2,2
41024,US-Mexico Border,2015,1,1
40495,US-Mexico Border,2015,1,1
40496,Mediterranean,2015,3,5
40570,Europe,2015,1,1
41043,Europe,2015,1,1
40645,Central America,2015,1,1
41042,Europe,2015,1,1
40295,North Africa,2015,1,1
40491,Mediterranean,2015,1,1
40492,Mediterranean,2015,3,33
40493,US-Mexico Border,2015,1,1
40494,US-Mexico Border,2015,1,1
41000,North Africa,2015,1,1
41001,North Africa,2015,1,1
41098,North Africa,2015,2,2
41100,North Africa,2015,1,1
41108,North Africa,2015,2,2
40683,North Africa,2015,4,4
41023,US-Mexico Border,2015,1,1
40489,Mediterranean,2015,5,5
40490,US-Mexico Border,2015,2,2
41073,Central America,2015,4,4
40488,Mediterranean,2015,4,4
40487,US-Mexico Border,2015,1,1
40486,Mediterranean,2015,1,1
40835,North Africa,2015,1,1
40571,US-Mexico Border,2015,1,1
41022,US-Mexico Border,2015,1,1
41088,North Africa,2015,4,4
40686,North Africa,2015,5,5
40483,US-Mexico Border,2015,1,1
40481,Mediterranean,2015,1,1
40482,US-Mexico Border,2015,1,1
41021,US-Mexico Border,2015,1,1
40733,North Africa,2015,2,2
40766,North Africa,2015,1,1
40777,Horn of Africa,2015,6,6
40778,North Africa,2015,3,3
40817,North Africa,2015,1,1
40818,North Africa,2015,3,3
40831,North Africa,2015,3,3
41087,North Africa,2015,3,3
40480,Mediterranean,2015,8,15
40600,North Africa,2015,1,1
40765,North Africa,2015,3,3
41085,North Africa,2015,1,1
41086,North Africa,2015,1,1
40475,North Africa,2015,1,3
40476,Mediterranean,2015,8,8
40477,US-Mexico Border,2015,1,1
40478,Horn of Africa,2015,1,1
40479,US-Mexico Border,2015,1,1
40567,Mediterranean,2015,,0
40568,Mediterranean,2015,9,11
40569,Mediterranean,2015,,0
40603,North Africa,2015,5,5
40828,North Africa,2015,1,1
40844,Europe,2015,2,2
40999,US-Mexico Border,2015,1,1
41020,US-Mexico Border,2015,1,1
41084,North Africa,2015,1,1
41019,US-Mexico Border,2015,1,1
40294,North Africa,2015,1,1
40579,North Africa,2015,4,4
40586,Central America,2015,1,1
40688,North Africa,2015,15,15
41018,US-Mexico Border,2015,1,1
40473,Mediterranean,2015,1,1
40715,Europe,2015,2,2
40859,Europe,2015,1,1
41050,Central America,2015,1,1
40829,North Africa,2015,1,1
40830,North Africa,2015,5,5
41083,North Africa,2015,1,1
40472,Mediterranean,2015,4,6
40998,Mediterranean,2015,1,1
40470,Mediterranean,2015,1,1
40471,Mediterranean,2015,14,15
41032,Central America,2015,1,1
41017,US-Mexico Border,2015,1,1
40823,Horn of Africa,2015,1,1
41016,US-Mexico Border,2015,1,1
40685,North Africa,2015,1,1
40997,US-Mexico Border,2015,1,1
40467,Mediterranean,2015,1,2
40552,Mediterranean,2015,1,1
41015,US-Mexico Border,2015,1,1
40549,Mediterranean,2015,1,1
40550,Mediterranean,2015,10,10
40593,Central America,2015,1,1
41014,US-Mexico Border,2015,1,1
40462,Mediterranean,2015,1,1
40463,Mediterranean,2015,11,11
40464,Mediterranean,2015,1,1
40465,Mediterranean,2015,1,1
40466,Mediterranean,2015,4,10
40668,North Africa,2015,12,12
40995,North Africa,2015,4,4
41063,Southeast Asia,2015,4,4
40307,Mediterranean,2015,4,4
40461,Mediterranean,2015,4,4
40584,Europe,2015,1,1
40704,North Africa,2015,2,2
41013,US-Mexico Border,2015,1,1
40459,Sub-Saharan Africa,2015,8,8
40460,Mediterranean,2015,1,1
40868,Mediterranean,2015,1,1
40454,Mediterranean,2015,4,4
40455,Mediterranean,2015,0,2
40456,Mediterranean,2015,3,7
40457,Mediterranean,2015,7,39
40458,US-Mexico Border,2015,1,1
40865,Central America,2015,1,1
41012,US-Mexico Border,2015,1,1
41082,North Africa,2015,1,1
40447,Mediterranean,2015,2,2
40448,Mediterranean,2015,3,3
40449,Mediterranean,2015,3,3
40450,Mediterranean,2015,3,4
40451,Mediterranean,2015,19,19
40452,Mediterranean,2015,43,43
40453,Mediterranean,2015,13,13
40548,Mediterranean,2015,1,1
40610,Europe,2015,1,1
40712,Mediterranean,2015,1,1
40713,Mediterranean,2015,1,1
40764,North Africa,2015,2,2
40994,Mediterranean,2015,1,1
40446,Mediterranean,2015,1,2
40443,Mediterranean,2015,1,1
40444,Mediterranean,2015,1,1
40445,Mediterranean,2015,1,1
40609,Central America,2015,1,1
41061,Europe,2015,1,1
40441,Mediterranean,2015,43,43
40442,Mediterranean,2015,3,10
40605,North Africa,2015,2,2
40436,Mediterranean,2015,4,5
40437,Mediterranean,2015,2,3
40438,Mediterranean,2015,12,23
40439,Mediterranean,2015,6,6
40440,US-Mexico Border,2015,1,1
40433,Mediterranean,2015,,13
40434,US-Mexico Border,2015,1,1
40435,US-Mexico Border,2015,1,1
40703,North Africa,2015,2,2
40836,Horn of Africa,2015,4,4
40874,Sub-Saharan Africa,2015,2,2
41011,US-Mexico Border,2015,1,1
41093,North Africa,2015,3,3
40575,US-Mexico Border,2015,1,1
40731,Horn of Africa,2015,1,1
40732,North Africa,2015,1,1
40775,North Africa,2015,3,3
40776,North Africa,2015,3,3
40793,North Africa,2015,2,2
40812,North Africa,2015,5,5
40813,North Africa,2015,2,2
40814,North Africa,2015,1,1
40815,North Africa,2015,1,1
40816,North Africa,2015,30,30
40993,Mediterranean,2015,8,8
41081,North Africa,2015,20,20
40431,Mediterranean,2015,1,2
40432,Mediterranean,2015,4,5
40701,North Africa,2015,1,1
40702,North Africa,2015,1,1
40826,North Africa,2015,3,3
40834,North Africa,2015,2,2
41080,North Africa,2015,5,5
40430,US-Mexico Border,2015,1,1
40992,Mediterranean,2015,1,1
41060,Middle East,2015,20,20
40429,Mediterranean,2015,4,7
40604,North Africa,2015,2,2
40428,Mediterranean,2015,13,13
40632,US-Mexico Border,2015,1,1
40855,Europe,2015,1,1
41010,US-Mexico Border,2015,1,1
41079,North Africa,2015,1,1
41121,Mediterranean,2015,,0
40427,Mediterranean,2015,7,8
40684,Europe,2015,1,1
40730,Horn of Africa,2015,1,1
40833,North Africa,2015,1,1
40850,Europe,2015,1,1
41009,US-Mexico Border,2015,1,1
41049,Europe,2015,1,1
40293,Horn of Africa,2015,1,1
40424,Central America,2015,1,1
40425,Mediterranean,2015,3,3
40426,Mediterranean,2015,7,9
40681,US-Mexico Border,2015,1,1
41008,US-Mexico Border,2015,1,1
41044,Europe,2015,1,1
40423,Mediterranean,2015,1,2
40729,North Africa,2015,1,1
40774,North Africa,2015,28,28
40810,North Africa,2015,5,5
40811,North Africa,2015,1,1
41007,US-Mexico Border,2015,1,1
41059,Horn of Africa,2015,8,8
40422,US-Mexico Border,2015,1,1
40420,Mediterranean,2015,11,11
40421,Mediterranean,2015,,0
40809,North Africa,2015,1,1
40418,Mediterranean,2015,2,2
40419,Mediterranean,2015,1,1
40822,North Africa,2015,2,2
41058,Central America,2015,3,3
40808,North Africa,2015,8,8
40873,Horn of Africa,2015,1,1
41038,Caribbean,2015,3,3
40700,North Africa,2015,1,1
40728,North Africa,2015,3,3
40807,North Africa,2015,4,4
40989,US-Mexico Border,2015,1,1
40805,North Africa,2015,3,3
40806,North Africa,2015,1,1
40827,North Africa,2015,14,14
40417,Mediterranean,2015,95,95
40547,Mediterranean,2015,1,1
40696,Central America,2015,1,1
41037,Europe,2015,1,1
40546,Mediterranean,2015,2,2
40727,North Africa,2015,1,1
41078,North Africa,2015,2,2
40545,Mediterranean,2015,2,2
40544,Mediterranean,2015,1,1
40292,North Africa,2015,7,7
40637,North Africa,2015,1,1
40804,North Africa,2015,2,2
41072,North Africa,2015,2,2
41097,North Africa,2015,1,1
40416,Mediterranean,2015,2,2
40612,Europe,2015,1,1
40988,Central America,2015,3,3
40287,Europe,2015,1,1
40415,Mediterranean,2015,1,6
40566,Sub-Saharan Africa,2015,3,22
40694,Central America,2015,1,1
40986,US-Mexico Border,2015,1,1
40987,US-Mexico Border,2015,1,1
41052,Europe,2015,1,1
40414,US-Mexico Border,2015,1,1
40413,Mediterranean,2015,17,17
40984,US-Mexico Border,2015,1,1
40985,US-Mexico Border,2015,1,1
40543,Mediterranean,2015,,7
40565,Mediterranean,2015,1,1
40849,Europe,2015,1,1
40983,US-Mexico Border,2015,1,1
41040,US-Mexico Border,2015,5,5
40564,Mediterranean,2015,1,1
40697,Central America,2015,1,1
40412,Mediterranean,2015,1,1
40542,Mediterranean,2015,,2
40866,Central America,2015,2,2
40982,US-Mexico Border,2015,1,1
40803,North Africa,2015,1,1
40291,Horn of Africa,2015,1,1
40410,Mediterranean,2015,2,26
40411,Mediterranean,2015,,2
40532,Europe,2015,1,1
40537,Mediterranean,2015,13,26
40592,Central America,2015,1,1
40725,Horn of Africa,2015,1,1
40726,Sub-Saharan Africa,2015,1,1
40756,Horn of Africa,2015,1,1
40761,North Africa,2015,1,1
40762,North Africa,2015,2,2
40763,North Africa,2015,1,1
40773,North Africa,2015,3,3
40981,US-Mexico Border,2015,1,1
40409,Mediterranean,2015,1,13
40598,North Africa,2015,1,1
40599,North Africa,2015,2,2
40602,Horn of Africa,2015,1,1
40699,North Africa,2015,1,1
40772,North Africa,2015,3,3
40792,North Africa,2015,1,1
40847,North Africa,2015,5,5
40407,Mediterranean,2015,7,7
40408,Mediterranean,2015,1,1
40572,Europe,2015,1,1
40760,North Africa,2015,1,1
40802,North Africa,2015,2,2
40979,Middle East,2015,1,1
40980,US-Mexico Border,2015,1,1
40771,North Africa,2015,3,3
40801,North Africa,2015,2,2
40978,Mediterranean,2015,1,1
40406,Mediterranean,2015,22,22
40405,Mediterranean,2015,2,2
40404,Mediterranean,2015,34,38
40401,US-Mexico Border,2015,1,1
40402,Mediterranean,2015,,1
40403,Mediterranean,2015,,4
40670,Europe,2015,1,1
40977,US-Mexico Border,2015,1,1
41120,Mediterranean,2015,,0
40854,Central America,2015,1,1
40975,Mediterranean,2015,1,1
40976,US-Mexico Border,2015,1,1
41048,Europe,2015,1,1
40631,US-Mexico Border,2015,1,1
40972,US-Mexico Border,2015,1,1
40973,US-Mexico Border,2015,1,1
40974,US-Mexico Border,2015,1,1
40399,Mediterranean,2015,1,2
40400,Mediterranean,2015,,20
40970,US-Mexico Border,2015,1,1
40971,US-Mexico Border,2015,1,1
40398,Mediterranean,2015,1,1
40871,US-Mexico Border,2015,1,1
40969,US-Mexico Border,2015,1,1
40606,Europe,2015,1,1
40858,Europe,2015,1,1
40396,Southeast Asia,2015,61,61
40397,Mediterranean,2015,1,44
40968,US-Mexico Border,2015,1,1
40393,Mediterranean,2015,5,5
40395,Mediterranean,2015,7,10
40591,Central America,2015,1,1
40966,Mediterranean,2015,1,1
40967,Mediterranean,2015,1,1
40303,North Africa,2015,4,4
40390,Europe,2015,1,1
40666,North Africa,2015,3,3
40720,North Africa,2015,2,2
40845,Mediterranean,2015,4,4
40964,US-Mexico Border,2015,1,1
40965,North Africa,2015,2,2
41103,North Africa,2015,1,1
41105,Middle East,2015,2,2
41106,North Africa,2015,1,1
41107,North Africa,2015,2,2
40389,Mediterranean,2015,1,1
40676,Mediterranean,2015,1,1
40963,Mediterranean,2015,6,6
40388,Mediterranean,2015,37,37
40648,Mediterranean,2015,1,1
40630,US-Mexico Border,2015,1,1
40867,Mediterranean,2015,2,2
40962,US-Mexico Border,2015,1,1
40387,Mediterranean,2015,111,202
40846,Europe,2015,71,71
40959,Mediterranean,2015,3,8
40960,Mediterranean,2015,1,1
40961,US-Mexico Border,2015,1,1
40842,Mediterranean,2015,52,52
40386,Mediterranean,2015,2,2
40956,Mediterranean,2015,1,1
40957,US-Mexico Border,2015,1,1
40958,US-Mexico Border,2015,1,1
40382,Mediterranean,2015,3,3
40383,Mediterranean,2015,2,6
40384,Mediterranean,2015,1,1
40385,US-Mexico Border,2015,1,1
40955,US-Mexico Border,2015,1,1
40629,US-Mexico Border,2015,1,1
40953,Southeast Asia,2015,24,24
40954,Mediterranean,2015,1,1
40951,US-Mexico Border,2015,1,1
40952,US-Mexico Border,2015,1,1
40628,US-Mexico Border,2015,1,1
40870,Mediterranean,2015,1,1
40949,US-Mexico Border,2015,1,1
40950,US-Mexico Border,2015,1,1
40302,North Africa,2015,1,1
40627,US-Mexico Border,2015,1,1
40759,North Africa,2015,2,2
40790,North Africa,2015,5,5
40306,North Africa,2015,3,3
40948,US-Mexico Border,2015,1,1
41077,North Africa,2015,5,5
40381,Mediterranean,2015,6,6
40624,US-Mexico Border,2015,1,1
40625,US-Mexico Border,2015,1,1
40626,US-Mexico Border,2015,1,1
40848,Central America,2015,20,20
40379,Mediterranean,2015,9,9
40380,US-Mexico Border,2015,1,1
40945,US-Mexico Border,2015,1,1
40946,Mediterranean,2015,1,1
40947,US-Mexico Border,2015,1,1
40943,Mediterranean,2015,1,1
40944,US-Mexico Border,2015,1,1
40378,US-Mexico Border,2015,1,1
40577,North Africa,2015,2,2
40649,Mediterranean,2015,49,49
40377,US-Mexico Border,2015,1,1
40623,US-Mexico Border,2015,1,1
40622,US-Mexico Border,2015,1,1
40376,Mediterranean,2015,,60
40590,Central America,2015,1,1
40942,US-Mexico Border,2015,1,1
40621,US-Mexico Border,2015,1,1
40654,Central America,2015,1,1
40692,Middle East,2015,1,1
41094,US-Mexico Border,2015,1,1
40620,US-Mexico Border,2015,1,1
41057,Middle East,2015,10,10
41110,US-Mexico Border,2015,1,1
40373,Mediterranean,2015,22,222
40374,Mediterranean,2015,3,3
40375,Mediterranean,2015,2,2
40619,US-Mexico Border,2015,1,1
41076,North Africa,2015,1,1
40618,US-Mexico Border,2015,1,1
40695,Central America,2015,1,1
40853,Central America,2015,1,1
40680,Central America,2015,1,1
40841,Mediterranean,2015,1,1
40941,Mediterranean,2015,5,5
40372,Mediterranean,2015,4,4
40663,North Africa,2015,1,1
40673,South America,2015,1,1
40800,North Africa,2015,1,1
40840,North Africa,2015,1,1
40939,US-Mexico Border,2015,1,1
40940,North Africa,2015,1,1
41071,North Africa,2015,1,1
40662,US-Mexico Border,2015,1,1
40937,US-Mexico Border,2015,1,1
40938,US-Mexico Border,2015,1,1
40371,US-Mexico Border,2015,1,1
40936,US-Mexico Border,2015,1,1
41047,Europe,2015,1,1
40370,US-Mexico Border,2015,1,1
40934,US-Mexico Border,2015,2,2
40935,US-Mexico Border,2015,1,1
40933,Mediterranean,2015,14,14
41056,Europe,2015,1,1
40369,Europe,2015,1,1
41005,Europe,2015,1,1
41046,Europe,2015,1,1
40368,Mediterranean,2015,40,40
40589,Central America,2015,1,1
40798,North Africa,2015,1,1
40799,North Africa,2015,7,7
40367,US-Mexico Border,2015,3,3
40366,Europe,2015,1,1
40783,Sub-Saharan Africa,2015,1,1
40365,Mediterranean,2015,6,6
40931,US-Mexico Border,2015,1,1
41055,Europe,2015,1,1
40364,Mediterranean,2015,100,100
40573,US-Mexico Border,2015,1,1
40714,Mediterranean,2015,1,1
41041,Europe,2015,1,1
40930,US-Mexico Border,2015,1,1
41054,Europe,2015,1,1
40929,US-Mexico Border,2015,1,1
40672,Mediterranean,2015,30,30
40363,Mediterranean,2015,9,9
40538,Mediterranean,2015,12,12
40928,US-Mexico Border,2015,1,1
40361,Mediterranean,2015,3,18
40362,US-Mexico Border,2015,1,1
40857,Europe,2015,1,1
40797,North Africa,2015,1,1
41034,Central America,2015,2,2
41062,Central America,2015,2,2
40927,US-Mexico Border,2015,1,1
40926,US-Mexico Border,2015,1,1
41006,Central America,2015,1,1
40305,North Africa,2015,1,1
40585,North Africa,2015,1,1
40665,North Africa,2015,2,2
40667,North Africa,2015,1,1
40719,North Africa,2015,2,2
40795,North Africa,2015,1,1
40796,North Africa,2015,3,3
40922,US-Mexico Border,2015,1,1
40923,US-Mexico Border,2015,1,1
40924,North Africa,2015,1,1
40925,Sub-Saharan Africa,2015,3,3
41069,North Africa,2015,3,3
41070,North Africa,2015,1,1
40921,US-Mexico Border,2015,1,1
41030,US-Mexico Border,2015,1,1
41053,Europe,2015,1,1
40583,US-Mexico Border,2015,1,1
40617,US-Mexico Border,2015,1,1
40920,US-Mexico Border,2015,1,1
40856,Europe,2015,1,1
41068,Central America,2015,9,9
40360,US-Mexico Border,2015,1,1
40721,Mediterranean,2015,1,1
40359,Mediterranean,2015,6,6
40689,Mediterranean,2015,1,1
40582,US-Mexico Border,2015,1,1
40358,US-Mexico Border,2015,1,1
40698,Horn of Africa,2015,1,1
40541,Mediterranean,2015,,22
40581,US-Mexico Border,2015,1,1
40724,Sub-Saharan Africa,2015,2,2
40643,US-Mexico Border,2015,1,1
40669,Europe,2015,1,1
40919,US-Mexico Border,2015,1,1
41036,US-Mexico Border,2015,1,1
40357,Mediterranean,2015,3,3
40642,US-Mexico Border,2015,1,1
40918,US-Mexico Border,2015,1,1
40636,US-Mexico Border,2015,1,1
40641,US-Mexico Border,2015,1,1
40852,Central America,2015,1,1
40917,US-Mexico Border,2015,1,1
40299,North Africa,2015,15,15
40671,Central America,2015,5,5
40640,US-Mexico Border,2015,1,1
40916,US-Mexico Border,2015,1,1
40616,US-Mexico Border,2015,1,1
40915,US-Mexico Border,2015,1,1
40297,North Africa,2015,18,18
40298,North Africa,2015,,0
40300,North Africa,2015,,0
40914,US-Mexico Border,2015,1,1
41111,Central America,2015,3,3
40304,North Africa,2015,2,2
40614,US-Mexico Border,2015,1,1
40615,US-Mexico Border,2015,1,1
40664,North Africa,2015,1,1
40837,Southeast Asia,2015,,60
40913,North Africa,2015,1,1
41099,North Africa,2015,1,1
40690,Central America,2015,1,1
41067,Europe,2015,1,1
40285,Mediterranean,2015,17,25
40912,US-Mexico Border,2015,1,1
40355,US-Mexico Border,2015,8,8
40356,US-Mexico Border,2015,,1
40910,US-Mexico Border,2015,1,1
40911,US-Mexico Border,2015,1,1
40608,South America,2015,1,1
40587,Mediterranean,2015,1,1
40588,Central America,2015,1,1
40909,Southeast Asia,2015,2,2
40354,Mediterranean,2015,5,5
40353,Southeast Asia,2015,47,47
40301,North Africa,2015,1,1
40352,Mediterranean,2015,5,5
40908,US-Mexico Border,2015,1,1
40755,Horn of Africa,2015,1,1
40838,Mediterranean,2015,1,1
40351,Sub-Saharan Africa,2015,8,8
40722,Southeast Asia,2015,1,1
40839,Sub-Saharan Africa,2015,1,1
40350,US-Mexico Border,2015,1,1
40821,Sub-Saharan Africa,2015,1,1
40869,Southeast Asia,2015,,10
41075,Horn of Africa,2015,1,1
40286,Europe,2015,1,1
40635,US-Mexico Border,2015,1,1
40691,Central America,2015,1,1
40907,Southeast Asia,2015,2,2
40535,Mediterranean,2015,5,46
40349,Mediterranean,2015,3,3
40540,Mediterranean,2015,10,10
40290,North Africa,2015,6,6
40661,North Africa,2015,2,2
40906,Southeast Asia,2015,36,36
41031,Southeast Asia,2015,106,106
41066,North Africa,2015,1,1
41102,North Africa,2015,2,2
40863,Europe,2015,1,1
41035,US-Mexico Border,2015,1,1
40862,Europe,2015,14,14
40904,US-Mexico Border,2015,1,1
40905,US-Mexico Border,2015,1,1
40288,Mediterranean,2015,1,1
40348,US-Mexico Border,2015,1,1
41045,Central America,2015,1,1
40346,Mediterranean,2015,2,2
40347,Mediterranean,2015,1,1
41074,Horn of Africa,2015,1,1
40345,Mediterranean,2015,750,750
40595,Mediterranean,2015,1,1
40851,Central America,2015,1,1
40289,Horn of Africa,2015,1,1
40344,Mediterranean,2015,,41
40534,Mediterranean,2015,,12
40343,US-Mexico Border,2015,1,3
40342,US-Mexico Border,2015,1,1
40341,Mediterranean,2015,9,400
40872,Sub-Saharan Africa,2015,1,1
40902,US-Mexico Border,2015,1,1
40903,US-Mexico Border,2015,1,1
40340,Caribbean,2015,,3
40339,Mediterranean,2015,2,2
40901,Mediterranean,2015,1,1
40338,Caribbean,2015,21,40
40578,Sub-Saharan Africa,2015,4,4
40337,Mediterranean,2015,7,11
40900,US-Mexico Border,2015,1,1
40336,Caribbean,2015,1,1
40576,Sub-Saharan Africa,2015,1,1
40723,Sub-Saharan Africa,2015,2,2
40296,North Africa,2015,1,1
40717,North Africa,2015,1,1
40718,North Africa,2015,2,2
41109,North Africa,2015,1,1
40563,Southeast Asia,2015,,130
40651,Southeast Asia,2015,,243
40899,US-Mexico Border,2015,1,1
40820,North Africa,2015,4,4
40898,Central America,2015,1,1
40574,US-Mexico Border,2015,1,1
41095,US-Mexico Border,2015,1,1
40335,Mediterranean,2015,3,3
40333,US-Mexico Border,2015,1,1
40334,Mediterranean,2015,5,8
40860,Central America,2015,,0
40861,Central America,2015,6,6
40896,US-Mexico Border,2015,1,1
40897,US-Mexico Border,2015,1,1
40331,North Africa,2015,4,12
40332,US-Mexico Border,2015,1,1
40639,Middle East,2015,2,2
40329,Central America,2015,1,1
40330,Horn of Africa,2015,42,42
40328,North Africa,2015,4,4
40326,US-Mexico Border,2015,1,1
40327,US-Mexico Border,2015,1,1
40533,Central America,2015,1,1
40895,US-Mexico Border,2015,1,1
40539,North Africa,2015,,25
40894,Central America,2015,1,1
40325,Mediterranean,2015,10,50
40677,Caribbean,2015,1,1
40597,North Africa,2015,3,3
40659,North Africa,2015,1,1
40660,North Africa,2015,2,2
40716,North Africa,2015,2,2
41101,North Africa,2015,2,2
40321,US-Mexico Border,2015,6,6
40320,East Asia,2015,0,15
40893,Central America,2015,1,1
40892,US-Mexico Border,2015,1,1
40890,US-Mexico Border,2015,1,1
40891,US-Mexico Border,2015,1,1
40889,US-Mexico Border,2015,1,1
41096,Europe,2015,1,1
40319,Mediterranean,2015,,307
40634,Mediterranean,2015,29,29
40318,Mediterranean,2015,7,9
40317,US-Mexico Border,2015,1,1
40888,US-Mexico Border,2015,1,1
40316,Horn of Africa,2015,3,36
40536,Horn of Africa,2015,3,3
40314,Mediterranean,2015,8,10
40315,US-Mexico Border,2015,1,1
40313,Southeast Asia,2015,8,57
40887,Caribbean,2015,1,1
40885,US-Mexico Border,2015,1,1
40886,US-Mexico Border,2015,1,1
40884,US-Mexico Border,2015,1,1
41065,North Africa,2015,1,1
40312,Mediterranean,2015,1,21
41033,Central America,2015,1,1
41064,North Africa,2015,12,12
40655,Central America,2015,1,1
40883,Mediterranean,2015,1,1
40658,Central America,2015,1,1
40311,Mediterranean,2015,9,45
40580,Southeast Asia,2015,2,2
40679,Southeast Asia,2015,1,1
40882,US-Mexico Border,2015,1,1
40881,US-Mexico Border,2015,1,1
40284,Europe,2015,1,1
40310,Sub-Saharan Africa,2015,2,2
40880,US-Mexico Border,2015,1,1
40309,Mediterranean,2015,5,5
40878,US-Mexico Border,2015,1,1
40879,US-Mexico Border,2015,1,1
40308,Caribbean,2015,1,1
40633,Europe,2015,1,1
40596,North Africa,2015,26,26
40657,North Africa,2015,1,1
40678,Southeast Asia,2015,3,3
40682,Horn of Africa,2015,1,1
40794,Horn of Africa,2015,2,2
40876,Horn of Africa,2015,1,1
40877,Horn of Africa,2015,1,1
41104,North Africa,2015,1,1
39205,Caribbean,2014,,1
39255,Horn of Africa,2014,21,24
39361,Mediterranean,2014,,2
39362,Mediterranean,2014,,9
39371,Europe,2014,1,1
39383,Southeast Asia,2014,,750
39401,Mediterranean,2014,17,17
39402,Mediterranean,2014,,23
39442,North Africa,2014,1,1
39443,Mediterranean,2014,5,5
39444,Mediterranean,2014,,30
39445,Mediterranean,2014,9,9
39441,Mediterranean,2014,4,4
39439,Europe,2014,1,1
39210,Central America,2014,41,41
39378,Europe,2014,4,4
39400,Mediterranean,2014,,12
39399,Mediterranean,2014,,6
39438,Europe,2014,2,2
39254,Horn of Africa,2014,,30
39377,Mediterranean,2014,,4
39376,Middle East,2014,27,38
39250,Horn of Africa,2014,1,1
39249,Horn of Africa,2014,1,1
39248,Horn of Africa,2014,1,1
39247,Horn of Africa,2014,1,1
39370,Europe,2014,1,1
39203,Caribbean,2014,,2
39245,Horn of Africa,2014,1,1
39246,Horn of Africa,2014,1,1
39353,Central America,2014,1,1
39398,Mediterranean,2014,10,95
39435,Southeast Asia,2014,,4
39436,Mediterranean,2014,3,3
39244,Horn of Africa,2014,64,64
39396,Mediterranean,2014,2,8
39253,Europe,2014,1,1
39252,Horn of Africa,2014,1,1
39251,Horn of Africa,2014,1,1
39437,Mediterranean,2014,,20
39204,Caribbean,2014,,2
39202,Horn of Africa,2014,16,16
39281,US-Mexico Border,2014,149,149
39349,US-Mexico Border,2014,1,1
39366,Mediterranean,2014,15,88
39433,Mediterranean,2014,2,18
39367,Mediterranean,2014,3,500
39346,US-Mexico Border,2014,1,1
39347,US-Mexico Border,2014,1,1
39348,US-Mexico Border,2014,1,1
39226,Central America,2014,1,1
39343,East Asia,2014,,9
39345,US-Mexico Border,2014,1,1
39344,US-Mexico Border,2014,1,1
39223,Central America,2014,2,2
39224,US-Mexico Border,2014,1,1
39360,US-Mexico Border,2014,1,1
39352,US-Mexico Border,2014,1,1
39350,US-Mexico Border,2014,1,1
39351,US-Mexico Border,2014,1,1
39434,Mediterranean,2014,70,164
39440,Mediterranean,2014,10,43
39201,Caribbean,2014,11,17
39209,Central America,2014,64,64
39272,US-Mexico Border,2014,50,50
39429,Mediterranean,2014,,100
39430,North Africa,2014,1,1
39431,North Africa,2014,1,1
39200,Caribbean,2014,,23
39359,Mediterranean,2014,42,42
39341,US-Mexico Border,2014,1,1
39342,US-Mexico Border,2014,1,1
39199,Caribbean,2014,1,1
39428,Mediterranean,2014,24,24
39198,Caribbean,2014,4,9
39382,South Asia,2014,1,1
39395,Mediterranean,2014,170,251
39427,Mediterranean,2014,18,26
39340,US-Mexico Border,2014,1,1
39339,US-Mexico Border,2014,1,1
39426,Mediterranean,2014,1,1
39375,Europe,2014,1,1
39338,US-Mexico Border,2014,1,1
39337,US-Mexico Border,2014,1,1
39335,US-Mexico Border,2014,1,1
39336,US-Mexico Border,2014,1,1
39358,Mediterranean,2014,2,172
39334,US-Mexico Border,2014,1,1
39333,Central America,2014,1,1
39332,US-Mexico Border,2014,1,1
39363,Middle East,2014,1,1
39425,North Africa,2014,1,1
39222,US-Mexico Border,2014,1,1
39331,US-Mexico Border,2014,1,1
39330,US-Mexico Border,2014,1,1
39394,Mediterranean,2014,20,128
39329,US-Mexico Border,2014,1,1
39328,US-Mexico Border,2014,1,1
39243,Europe,2014,1,1
39327,US-Mexico Border,2014,1,1
39424,Mediterranean,2014,5,19
39365,Mediterranean,2014,2,55
39392,Mediterranean,2014,,151
39393,Mediterranean,2014,29,29
39423,Mediterranean,2014,3,3
39326,US-Mexico Border,2014,1,1
39391,Mediterranean,2014,,41
39422,Mediterranean,2014,3,3
39381,Southeast Asia,2014,2,20
39421,Mediterranean,2014,1,110
39325,US-Mexico Border,2014,1,1
39420,Mediterranean,2014,12,12
39419,Mediterranean,2014,4,25
39323,Central America,2014,1,1
39324,US-Mexico Border,2014,1,1
39364,Mediterranean,2014,12,200
39322,US-Mexico Border,2014,1,1
39417,Mediterranean,2014,13,13
39320,US-Mexico Border,2014,1,1
39321,US-Mexico Border,2014,1,1
39319,US-Mexico Border,2014,1,1
39416,Mediterranean,2014,,75
39390,Mediterranean,2014,2,6
39414,Mediterranean,2014,45,45
39318,US-Mexico Border,2014,1,1
39241,Mediterranean,2014,,240
39317,US-Mexico Border,2014,1,1
39315,US-Mexico Border,2014,1,1
39316,US-Mexico Border,2014,1,1
39314,US-Mexico Border,2014,1,1
39380,Southeast Asia,2014,9,35
39413,Mediterranean,2014,4,4
39313,US-Mexico Border,2014,1,1
39412,North Africa,2014,,29
39357,Mediterranean,2014,1,1
39311,US-Mexico Border,2014,1,1
39312,US-Mexico Border,2014,1,1
39411,Mediterranean,2014,10,10
39310,US-Mexico Border,2014,1,1
39306,US-Mexico Border,2014,1,1
39307,US-Mexico Border,2014,1,1
39308,US-Mexico Border,2014,1,1
39309,US-Mexico Border,2014,1,1
39304,US-Mexico Border,2014,1,1
39305,US-Mexico Border,2014,1,1
39302,US-Mexico Border,2014,1,1
39303,US-Mexico Border,2014,1,1
39410,Mediterranean,2014,3,5
39389,Mediterranean,2014,4,4
39301,US-Mexico Border,2014,1,1
39409,Mediterranean,2014,3,3
39221,US-Mexico Border,2014,1,1
39300,US-Mexico Border,2014,1,1
39240,Horn of Africa,2014,62,62
39298,US-Mexico Border,2014,1,1
39299,US-Mexico Border,2014,1,1
39220,US-Mexico Border,2014,1,1
39297,US-Mexico Border,2014,1,1
39369,Europe,2014,1,1
39374,Mediterranean,2014,1,1
39296,US-Mexico Border,2014,1,1
39295,US-Mexico Border,2014,1,1
39219,US-Mexico Border,2014,1,1
39388,Mediterranean,2014,17,217
39294,US-Mexico Border,2014,1,1
39387,North Africa,2014,13,46
39293,US-Mexico Border,2014,1,1
39239,Mediterranean,2014,1,1
39292,US-Mexico Border,2014,1,1
39386,Mediterranean,2014,44,77
39408,Mediterranean,2014,22,29
39237,Mediterranean,2014,4,4
39238,Europe,2014,1,1
39197,Caribbean,2014,6,9
39291,US-Mexico Border,2014,1,1
39236,Mediterranean,2014,,40
39290,US-Mexico Border,2014,1,1
39217,US-Mexico Border,2014,1,1
39218,US-Mexico Border,2014,1,1
39289,US-Mexico Border,2014,1,1
39225,Southeast Asia,2014,5,5
39288,US-Mexico Border,2014,1,1
39216,Central America,2014,4,4
39287,US-Mexico Border,2014,1,1
39356,Mediterranean,2014,8,9
39235,North Africa,2014,10,10
39284,US-Mexico Border,2014,1,1
39285,US-Mexico Border,2014,1,1
39286,US-Mexico Border,2014,1,1
39282,US-Mexico Border,2014,1,1
39283,US-Mexico Border,2014,1,1
39385,Sub-Saharan Africa,2014,17,17
39406,Mediterranean,2014,1,1
39215,US-Mexico Border,2014,1,1
39214,US-Mexico Border,2014,1,1
39278,US-Mexico Border,2014,1,1
39279,US-Mexico Border,2014,1,1
39280,US-Mexico Border,2014,1,1
39213,Central America,2014,1,1
39276,US-Mexico Border,2014,1,1
39277,US-Mexico Border,2014,1,1
39275,US-Mexico Border,2014,1,1
39384,Sub-Saharan Africa,2014,251,251
39354,Mediterranean,2014,7,9
39405,Mediterranean,2014,1,1
39234,Europe,2014,1,1
39273,US-Mexico Border,2014,1,1
39274,US-Mexico Border,2014,1,1
39233,Europe,2014,1,1
39232,Europe,2014,1,1
39231,Horn of Africa,2014,,44
39372,US-Mexico Border,2014,1,1
39227,Europe,2014,1,1
39212,US-Mexico Border,2014,1,1
39230,Mediterranean,2014,7,7
39229,Horn of Africa,2014,11,17
39379,South Asia,2014,1,1
39271,US-Mexico Border,2014,1,1
39270,US-Mexico Border,2014,1,1
39196,Caribbean,2014,8,8
39269,US-Mexico Border,2014,1,1
39211,US-Mexico Border,2014,1,1
39228,Mediterranean,2014,2,2
39268,US-Mexico Border,2014,1,1
39266,US-Mexico Border,2014,1,1
39267,US-Mexico Border,2014,1,1
39265,US-Mexico Border,2014,1,1
39404,Mediterranean,2014,15,15
39195,Caribbean,2014,1,1
39373,Europe,2014,1,1
39263,US-Mexico Border,2014,1,1
39264,US-Mexico Border,2014,1,1
39262,US-Mexico Border,2014,1,1
39208,US-Mexico Border,2014,1,1
39260,US-Mexico Border,2014,1,1
39261,US-Mexico Border,2014,1,1
39259,US-Mexico Border,2014,1,1
39403,Mediterranean,2014,12,12
39258,US-Mexico Border,2014,1,1
39207,US-Mexico Border,2014,1,1
39368,Europe,2014,1,1
39257,US-Mexico Border,2014,1,1
39256,US-Mexico Border,2014,1,1
39206,US-Mexico Border,2014,1,1
